cip_year,project_type,source_page,department,project_name,start_year,end_year,address_location,previous_appropriations,project_total,description,justification,unidentified_funding,year_2019,year_2020,year_2021,year_2022,year_2023,year_2024
2018,Airport Assets,85,Airports,Brown Field,,,Council District: 8; Community Plan: Kearny Mesa,15369123,0,,,0,0,0,0,0,0,0
2018,Airport Assets,86,Airports,Montgomery-Gibbs Executive Airport,,,Council District: 6; Community Plan: Kearny Mesa,10909944,0,,,0,0,0,0,0,0,0
2018,Bldg - Operations Facility / Structures,94,Citywide,101 Ash Improvements,2019,2019,Council District: 3; Community Plan: Centre City,18005383,0,,,0,7875024,0,0,0,0,0
2018,Intangible Assets Information Tech,95,Citywide,Centralized Payment Processing Solution,,,,255000,0,,,0,0,0,0,0,0,0
2018,Bldg - Other City Facility / Structures,96,Citywide,CIP Emergency Reserve,,,Council District: Citywide; Community Plan: Citywide,1000000,0,,,0,0,0,0,0,0,0
2018,Bldg - Other City Facility / Structures,97,Environmental Services,Citywide Energy Improvements,,,Council District: Citywide; Community Plan: Citywide,31003714,0,,,0,0,0,0,0,0,0
2018,Bldg - Other City Facility / Structures,98,Citywide,Convention Center Phase III Expansion,,,Council District: 3; Community Plan: Centre City,3370820,0,,,681640478,0,0,0,0,0,0
2018,Intangible Assets Information Tech,99,Citywide,Enterprise Funded IT Projects,2019,2019,,0,0,,,0,1514000,0,0,0,0,0
2018,Intangible Assets Information Tech,100,Citywide,311 Enhancements,2019,2019,,0,0,,,0,550000,0,0,0,0,0
2018,Bldg - Other City Facility / Structures,101,Citywide,Fleet Services Elect & Fac Improvements,,,Council District: 1 2 4; Community Plan: Clairemont Mesa; University,2081960,0,,,0,0,0,0,0,0,0
2018,Intangible Assets Information Tech,102,Citywide,Get It Done Expansion (311 Customer Exp),,,,3527784,0,,,0,0,0,0,0,0,0
2018,Intangible Assets Information Tech,103,Citywide,Governmental Funded IT Projects,2019,2019,,0,0,,,0,1158800,0,0,0,0,0
2018,Intangible Assets Information Tech,104,Citywide,I AM Enhancements,2019,2019,,0,0,,,0,501679,0,0,0,0,0
2018,Intangible Assets Information Tech,105,Citywide,I AM San Diego Project,,,Council District: Citywide; Community Plan: Citywide,47074185,0,,,0,0,0,0,0,0,0
2018,Bldg - Stadium Facilities,106,Citywide,Stadium,,,Council District: 6; Community Plan: Mission Valley,808734,0,,,0,0,0,0,0,0,0
2018,Landfills,113,Environmental Services,Aerated Static Pile System,,,Council District: 6; Community Plan: Priority Category: High,4999999,0,,,0,0,0,0,0,0,0
2018,Landfills - Supporting Fac / Struct,114,Environmental Services,CNG Fueling Station for Refuse & Recycling,,,Council District: 1; Community Plan: University,5299999,0,,,0,0,0,0,0,0,0
2018,Landfills,115,Environmental Services,Minor Improvements to Landfills,2019,2022,Council District: Citywide; Community Plan: Citywide,2834975,0,,,0,1000000,200000,200000,200000,0,0
2018,Landfills,116,Environmental Services,Miramar Landfill Facility Improvements,2019,2022,Council District: 6; Community Plan: University; Kearny Mesa; Clairemont Mesa,19199999,0,,,0,2000000,2000000,2000000,2000000,0,0
2018,Landfills,117,Environmental Services,Miramar Landfill Gas Recovery Improvemen,,,Council District: 6; Community Plan: University; Kearny Mesa; Clairemont Mesa,9649999,0,,,0,0,0,0,0,0,0
2018,Landfills,118,Environmental Services,Miramar Landfill Storm Water Improvement,,,Council District: 6; Community Plan: University; Kearny Mesa; Clairemont Mesa,100000,0,,,0,0,0,0,0,0,0
2018,Landfills,119,Environmental Services,Miramar Landfill Storm Water Improvements,2019,2022,Council District: 6; Community Plan: University,19299999,0,,,0,1000000,1000000,1000000,1000000,0,0
2018,Landfills - Supporting Fac / Struct,120,Environmental Services,South Chollas Landfill Improvements,,,Council District: 4; Community Plan: Mid-City: Eastern Area,15828623,0,,,0,0,0,0,0,0,0
2018,Bldg - Other City Facility / Structures,121,Environmental Services,West Miramar Landfill - Phase 2,,,Council District: 6; Community Plan: University; Kearny Mesa; Clairemont Mesa,1659999,0,,,0,0,0,0,0,0,0
2018,Bldg - Pub Safety - Lifeguard Stations,131,Fire-Rescue,Children's Pool Lifeguard Station,,,Council District: 1; Community Plan: La Jolla,4543674,0,,,0,0,0,0,0,0,0
2018,Bldg - Pub Safety - Fire Fac / Struct,132,Fire-Rescue,Fire Station No. 02 - Bayside,,,Council District: 3; Community Plan: Centre City - Little Italy,20021283,0,,,0,0,0,0,0,0,0
2018,Bldg - Pub Safety - Fire Fac / Struct,133,Fire-Rescue,Fire Station No. 05 - Hillcrest,,,Council District: 3; Community Plan: Uptown,9249922,0,,,0,0,0,0,0,0,0
2018,Bldg - Pub Safety - Fire Fac / Struct,134,Fire-Rescue,Fire Station No. 08 - Mission Hills,,,Council District: 3; Community Plan: Uptown,1238499,0,,,0,0,0,0,0,0,0
2018,Bldg - Pub Safety - Fire Fac / Struct,135,Fire-Rescue,Fire Station No. 15 - Ocean Beach Expansion,,,Council District: 2; Community Plan: Ocean Beach,1030713,0,,,0,0,0,0,0,0,0
2018,Bldg - Pub Safety - Fire Fac / Struct,136,Fire-Rescue,Fire Station No. 17 - Mid-City,,,Council District: 9; Community Plan: Mid-City: City Heights,9153623,0,,,0,0,0,0,0,0,0
2018,Bldg - Pub Safety - Fire Fac / Struct,137,Fire-Rescue,Fire Station No. 22 - Point Loma,,,Council District: 2; Community Plan: Peninsula,9063159,0,,,0,0,0,0,0,0,0
2018,Bldg - Pub Safety - Fire Fac / Struct,138,Fire-Rescue,Fire Station No. 48 - Black Mountain Ranch,2019,2019,Council District: 5; Community Plan: Black Mountain Ranch,2700000,0,,,0,6695654,0,0,0,0,0
2018,Bldg - Pub Safety - Fire Fac / Struct,139,Fire-Rescue,Fire Station No. 49 - Otay Mesa,2024,2024,Council District: 8; Community Plan: Otay Mesa - Nestor; Otay Mesa,76413,0,,,0,0,0,0,0,0,8323586
2018,Bldg - Pub Safety - Fire Fac / Struct,140,Fire-Rescue,Fire Station No. 50 - North University City,,,Council District: 1; Community Plan: University,13999999,0,,,0,0,0,0,0,0,0
2018,Bldg - Pub Safety - Fire Fac / Struct,141,Fire-Rescue,Fire Station No. 51 - Skyline Hills,,,Council District: 4; Community Plan: Skyline - Paradise Hills,1000000,0,,,12890957,0,0,0,0,0,0
2018,Bldg - Pub Safety - Fire Fac / Struct,142,Fire-Rescue,Fire Station No. 54 - Paradise Hills,,,Council District: 4; Community Plan: Skyline - Paradise Hills,83653,0,,,13216346,0,0,0,0,0,0
2018,Bldg - Pub Safety - Fire Fac / Struct,143,Fire-Rescue,Fire-Rescue Air Operations Facility,2020,2020,Council District: 6; Community Plan: Kearny Mesa,16058696,0,,,0,0,1115520,0,0,0,0
2018,Bldg - Pub Safety - Fire Fac / Struct,144,Fire-Rescue,Fairmount Avenue Fire Station,,,Council District: 4; Community Plan: Mid-City: City Heights,2327795,0,,,13822205,0,0,0,0,0,0
2018,Bldg - Pub Safety - Lifeguard Stations,145,Fire-Rescue,La Jolla Cove Lifeguard Station,,,Council District: 1; Community Plan: La Jolla,1784844,0,,,0,0,0,0,0,0,0
2018,Bldg - Pub Safety - Lifeguard Stations,146,Fire-Rescue,North Pacific Beach Lifeguard Station,,,Council District: 2; Community Plan: Pacific Beach,937902,0,,,6319697,0,0,0,0,0,0
2018,Bldg - Pub Safety - Lifeguard Stations,147,Fire-Rescue,South Mission Beach Lifeguard Station,,,Council District: 2; Community Plan: Mission Beach,6982125,0,,,0,0,0,0,0,0,0
2018,Bldg - Libraries,156,Library,Mission Hills-Hillcrest Library,,,Council District: 3; Community Plan: Uptown,21132004,0,,,0,0,0,0,0,0,0
2018,Bldg - Libraries,157,Library,Pacific Highlands Ranch Branch Library,2019,2024,Council District: 1; Community Plan: Priority Category: Low,11678336,0,,,500846,774915,0,0,0,0,8885080
2018,Bldg - Libraries,158,Library,San Carlos Branch Library,,,Council District: 7; Community Plan: Navajo,2995799,0,,,20128201,0,0,0,0,0,0
2018,Bldg - Libraries,159,Library,San Diego New Central Library,,,Council District: 3; Community Plan: Centre City,187637421,0,,,0,0,0,0,0,0,0
2018,Bldg - Libraries,160,Library,San Ysidro Branch Library,,,Council District: 8; Community Plan: San Ysidro,13536999,0,,,0,0,0,0,0,0,0
2018,Bldg - Libraries,161,Library,Scripps Miramar Ranch Library,,,Council District: 5; Community Plan: Scripps Miramar Ranch,6076376,0,,,0,0,0,0,0,0,0
2018,Bldg - Libraries,162,Library,Skyline Hills Library,,,Council District: 4; Community Plan: Skyline - Paradise Hills,13590879,0,,,0,0,0,0,0,0,0
2018,Bldg - Libraries,163,Library,Tierrasanta Library Expansion,2019,2019,Council District: 7; Community Plan: Tierrasanta,1258999,0,,,0,360000,0,0,0,0,0
2018,Parks - Miscellaneous Parks,176,Parks & Recreation,Angier Elementary School Joint Use,,,Council District: 7; Community Plan: Serra Mesa,2671574,0,,,0,0,0,0,0,0,0
2018,Parks - Neighborhood,177,Parks & Recreation,Mira Mesa CP Expansion Phase I,,,Council District: 6; Community Plan: Mira Mesa,16839505,0,,,0,0,0,0,0,0,0
2018,Golf Courses,178,Parks & Recreation,Balboa Park Golf Course,,,Council District: 3; Community Plan: Balboa Park; Mission Bay Park; University,1044503,0,,,0,0,0,0,0,0,0
2018,Parks - Developed Regional Park,179,Parks & Recreation,Balboa Park Plaza de Panama Project,2019,2019,Council District: 3; Community Plan: Balboa Park,9999999,0,,,0,69000000,0,0,0,0,0
2018,B l d g - Other City Facility / Structures,180,Parks & Recreation,Balboa Park West Mesa Comfort Station Replacement,,,Council District: 3; Community Plan: Balboa Park,1892573,0,,,0,0,0,0,0,0,0
2018,Bldg - Parks - Recreation/Pool Centers,181,Parks & Recreation,Balboa Pk Bud Kearns Aquatic Complex Imp,2020,2020,Council District: 3; Community Plan: Balboa Park,1543999,0,,,1228417,0,593127,0,0,0,0
2018,Parks - Community,182,Parks & Recreation,Bay Terrace Senior Center,2019,2019,Council District: 4; Community Plan: Skyline - Paradise Hills,999999,0,,,0,5000000,0,0,0,0,0
2018,Parks - Community,183,Parks & Recreation,Beyer Park Development,,,Council District: 8; Community Plan: Otay Mesa; San Ysidro,1138572,0,,,11149427,0,0,0,0,0,0
2018,Parks - Resource Based,184,Parks & Recreation,Museum of Man Seismic Retrofit,2019,2023,Council District: 3; Community Plan: Balboa Park,2328660,0,,,0,1399999,300000,0,0,2800000,0
2018,Parks - Miscellaneous Parks,185,Parks & Recreation,Canon Street Pocket Park,,,Council District: 2; Community Plan: Peninsula,839999,0,,,550000,0,0,0,0,0,0
2018,Parks - Resource Based,186,Parks & Recreation,Canyon Hills Resource Park Improvements,,,Council District: 6; Community Plan: Mira Mesa,1718569,0,,,4454932,0,0,0,0,0,0
2018,Parks - Community,187,Parks & Recreation,Canyonside Community Park Improvements,,,Council District: 6; Community Plan: Rancho Penasquitos,1001125,0,,,0,0,0,0,0,0,0
2018,Parks - Neighborhood,188,Parks & Recreation,Carmel Creek NP Improvements,,,Council District: 1; Community Plan: Carmel Valley,1468922,0,,,0,0,0,0,0,0,0
2018,Parks - Neighborhood,189,Parks & Recreation,Carmel Del Mar NP Comfort Station-Development,,,Council District: 1; Community Plan: Carmel Valley,2184588,0,,,0,0,0,0,0,0,0
2018,Parks - Neighborhood,190,Parks & Recreation,Carmel Grove NP Comfort Station and Park,,,Council District: 1; Community Plan: Carmel Valley,1561531,0,,,0,0,0,0,0,0,0
2018,Parks - Neighborhood,191,Parks & Recreation,Carmel Knolls NP Comfort Station-Development,,,Council District: 1; Community Plan: Carmel Valley,978728,0,,,0,0,0,0,0,0,0
2018,Parks - Neighborhood,192,Parks & Recreation,Carmel Mission NP Comfort Station Development,,,Council District: 1; Community Plan: Carmel Valley,978728,0,,,0,0,0,0,0,0,0
2018,Parks - Miscellaneous Parks,193,Parks & Recreation,Carmel Valley CP-Turf Upgrades,,,Council District: 1; Community Plan: Carmel Valley,4274120,0,,,0,0,0,0,0,0,0
2018,Parks - Neighborhood,194,Parks & Recreation,Carmel Valley Neighborhood Park #8,,,Council District: 1; Community Plan: Carmel Valley,6630525,0,,,0,0,0,0,0,0,0
2018,Parks - Neighborhood,195,Parks & Recreation,Centrum Neighborhood Pk Improvements,,,Council District: 6; Community Plan: Kearny Mesa,999999,0,,,0,0,0,0,0,0,0
2018,Parks - Community,196,Parks & Recreation,Cesar Solis Community Park,,,Council District: 8; Community Plan: Otay Mesa,20980078,0,,,0,0,0,0,0,0,0
2018,Parks - Neighborhood,197,Parks & Recreation,Charles Lewis III Memorial Park,,,Council District: 9; Community Plan: Mid-City: City Heights,4438911,0,,,0,0,0,0,0,0,0
2018,Parks - Developed Regional Park,198,Parks & Recreation,Chicano Park ADA Upgrades,,,Council District: 8; Community Plan: Barrio Logan,1900835,0,,,0,0,0,0,0,0,0
2018,Bldg - Community Centers,199,Parks & Recreation,Chicano Park Recreation Center,2019,2019,Council District: 8; Community Plan: Barrio Logan,0,0,,,0,600000,0,0,0,0,0
2018,Parks - Miscellaneous Parks,200,Parks & Recreation,Children's Park Improvements,,,Council District: 3; Community Plan: Centre City,4799999,0,,,0,0,0,0,0,0,0
2018,Parks - Community,201,Parks & Recreation,Chollas Community Park Comfort Station,2019,2019,Council District: 4; Community Plan: Mid-City: Eastern Area,3360838,0,,,0,226631,0,0,0,0,0
2018,Parks - Community,202,Parks & Recreation,Chollas Lake Improvements,2019,2022,Council District: 4; Community Plan: Mid-City: Eastern Area,199999,0,,,0,350000,0,1000000,500000,0,0
2018,Parks - Community,203,Parks & Recreation,Chollas Lake Pk Playground Improvements,,,Council District: 4; Community Plan: Mid-City: Eastern Area,2629223,0,,,0,0,0,0,0,0,0
2018,Trans - Ped Fac - Sidewalks,204,Parks & Recreation,Coast Blvd Walkway Improvements,,,Council District: 1; Community Plan: La Jolla,928999,0,,,0,0,0,0,0,0,0
2018,Parks - Miscellaneous Parks,205,Parks & Recreation,Coastal Erosion and Access,2020,2023,Council District: Citywide; Community Plan: Balboa Park,2998580,0,,,0,0,500000,500000,0,100000,0
2018,Trans - Roadway - Enhance/Scape/Medians,206,Parks & Recreation,Convert RB Medians-Asphalt to Concrete,2019,2019,Council District: 5; Community Plan: Rancho Bernardo,558764,0,,,0,150000,0,0,0,0,0
2018,Parks - Open Space,207,Parks & Recreation,Crest Canyon Resource Management Plan,,,Council District: 1; Community Plan: Torrey Pines,75000,0,,,0,0,0,0,0,0,0
2018,Parks - Neighborhood,208,Parks & Recreation,Del Mar Mesa Neighborhood Park,,,Council District: 1; Community Plan: Del Mar Mesa,3060353,0,,,0,0,0,0,0,0,0
2018,P a r k s - Neighborhood,209,Parks & Recreation,Del Sur Neighborhood Park (NP#2)-Land Acquisition,,,Council District: 5; Community Plan: Black Mountain Ranch,350000,0,,,0,0,0,0,0,0,0
2018,Parks - Neighborhood,210,Parks & Recreation,Dennery Ranch Neighborhood Park,2019,2024,Council District: 8; Community Plan: Otay Mesa,690903,0,,,0,6703803,0,0,0,0,7705294
2018,Parks - Miscellaneous Parks,211,Parks & Recreation,Downtown Greenways,,,Council District: 3; Community Plan: Centre City,1000000,0,,,0,0,0,0,0,0,0
2018,Parks - Community,212,Parks & Recreation,Doyle Park Community Park ADA Upgrades,,,Council District: 1; Community Plan: University,420457,0,,,0,0,0,0,0,0,0
2018,Parks - Resource Based,213,Parks & Recreation,East Fortuna Staging Area Field Stn Blg,,,Council District: 7; Community Plan: Navajo,6975542,0,,,0,0,0,0,0,0,0
2018,Parks - Miscellaneous Parks,214,Parks & Recreation,East Village Green Phase 1,2019,2019,Council District: 3; Community Plan: Centre City - East Village,30508157,0,,,0,15516079,0,0,0,0,0
2018,Bldg - Other City Facility / Structures,215,Parks & Recreation,EB Scripps Pk Comfort Station Replacement,2019,2019,Council District: 1; Community Plan: La Jolla,1604090,0,,,0,1456694,0,0,0,0,0
2018,P a r k s - Community,216,Parks & Recreation,Egger,,,Council District: 8; Community Plan: Otay Mesa - Nestor,1659999,0,,,779886,0,0,0,0,0,0
2018,Trans - Roadway - Enhance/Scape/Medians,217,Parks & Recreation,El Cajon Blvd Streetscape Improvements,,,Council District: 3 9; Community Plan: Priority Category: Low,2422102,0,,,0,0,0,0,0,0,0
2018,Parks - Open Space,218,Parks & Recreation,El Cuervo Adobe Improvements,,,Council District: 6; Community Plan: Rancho Penasquitos,605999,0,,,0,0,0,0,0,0,0
2018,Parks - Miscellaneous Parks,219,Parks & Recreation,Encanto Comm Pk Security Lighting Upgrades,2019,2019,Council District: 4; Community Plan: Southeastern (Encanto Neighborhoods),404559,0,,,0,60000,0,0,0,0,0
2018,Reclaimed Water System - Pipelines,220,Parks & Recreation,Evans Pond Reclaimed Water Pipeline Inst,,,Council District: 5; Community Plan: Scripps Miramar Ranch,427466,0,,,0,0,0,0,0,0,0
2018,Parks - Neighborhood,221,Parks & Recreation,Fairbrook Neighborhood Park Development,,,Council District: 5; Community Plan: Scripps Miramar Ranch,4992699,0,,,0,0,0,0,0,0,0
2018,Drainage - Channels,222,Parks & Recreation,Famosa Slough Salt Marsh Creation,,,Council District: 2; Community Plan: C37 Peninsula,556396,0,,,0,0,0,0,0,0,0
2018,Golf Courses,223,Parks & Recreation,Golf Course Drive Improvements,,,Council District: 3; Community Plan: Greater Golden Hill,1091163,0,,,5050000,0,0,0,0,0,0
2018,Parks - Open Space,224,Parks & Recreation,Gonzales Canyon Resource Management Plan,,,Council District: 1; Community Plan: Pacific Highlands Ranch,59999,0,,,0,0,0,0,0,0,0
2018,Parks - Miscellaneous Parks,225,Parks & Recreation,Hawk Pocket Prk & Horton ES Joint UseDev,,,Council District: 4; Community Plan: Southeastern (Encanto Neighborhoods),4571105,0,,,0,0,0,0,0,0,0
2018,Parks - Miscellaneous Parks,226,Parks & Recreation,Hickman Fields Athletic Area,,,Council District: 6; Community Plan: Kearny Mesa; Serra Mesa; Clairemont Mesa,6839894,0,,,2720417,0,0,0,0,0,0
2018,Parks - Neighborhood,227,Parks & Recreation,Hidden Trails Neighborhood Park,2024,2024,Council District: 8; Community Plan: Otay Mesa,1533195,0,,,0,0,0,0,0,0,4316804
2018,Parks - Trails,228,Parks & Recreation,Hiking & Equestrian Trail NP #10,,,Council District: 1; Community Plan: Carmel Valley,620599,0,,,0,0,0,0,0,0,0
2018,Parks - Miscellaneous Parks,229,Parks & Recreation,Junipero Serra Museum ADA Improvements,2020,2022,Council District: 3; Community Plan: Old San Diego,1499999,0,,,296694,0,500000,0,1000000,0,0
2018,P a r ks - Miscellaneous Parks,230,Parks & Recreation,Kelly St Neighborhood Pk Security Lighting Upgrade,2019,2019,Council District: 7; Community Plan: Linda Vista,149999,0,,,0,40000,0,0,0,0,0
2018,Parks - Miscellaneous Parks,231,Parks & Recreation,Larsen Field ADA Improvements Phase II,,,Council District: 8; Community Plan: San Ysidro,1767059,0,,,0,0,0,0,0,0,0
2018,Parks - Miscellaneous Parks,232,Parks & Recreation,Linda Vista Skate Park,,,Council District: 7; Community Plan: Linda Vista,4289041,0,,,0,0,0,0,0,0,0
2018,Parks - Trails,233,Parks & Recreation,Los Penasquitos Cyn Preserve STrl Restor,,,Council District: 1; Community Plan: Los Penasquitos Canyon Preserve,87459,0,,,1865540,0,0,0,0,0,0
2018,P a r k s - Miscellaneous Parks,234,Parks & Recreation,Marie Widman Memorial Pk Security Lighting Upgrade,2019,2019,Council District: 4; Community Plan: Skyline - Paradise Hills,299999,0,,,0,175000,0,0,0,0,0
2018,Golf Courses,235,Parks & Recreation,MB GC Clbhouse Demo,,,Council District: 2; Community Plan: Mission Bay Park,1399999,0,,,2811652,0,0,0,0,0,0
2018,Parks - Miscellaneous Parks,236,Parks & Recreation,Memorial Comm Pk Playground ADA Upgrades,,,Council District: 8; Community Plan: Southeastern San Diego,2473127,0,,,0,0,0,0,0,0,0
2018,Bldg - Parks - Recreation/Pool Centers,237,Parks & Recreation,Mira Mesa Community Pk Improvements,2019,2024,Council District: 6; Community Plan: Mira Mesa,22904263,0,,,0,1463529,0,0,0,0,5972053
2018,Golf Courses,238,Parks & Recreation,MBGC Irrigation & Electrical Upgrades,,,Council District: 2; Community Plan: Mission Bay Park,4459999,0,,,0,0,0,0,0,0,0
2018,Golf Courses,239,Parks & Recreation,Mission Bay Golf Course,,,Council District: 2; Community Plan: Balboa Park; Mission Bay Park; University,826096,0,,,0,0,0,0,0,0,0
2018,Parks - Miscellaneous Parks,240,Parks & Recreation,Mission Bay Improvements,2019,2023,Council District: 2; Community Plan: Balboa Park,36857393,0,,,0,6591611,7734786,8149482,8572472,9003921,0
2018,Parks - Open Space,241,Parks & Recreation,Mission Trails RP Cowles Mountain Trail,2019,2019,Council District: 7; Community Plan: Navajo; Tierrasanta,299999,0,,,0,150000,0,0,0,0,0
2018,Parks - Miscellaneous Parks,242,Parks & Recreation,Mission Trails RP Master Plan Update,,,Council District: 7; Community Plan: Navajo; Tierrasanta; Rancho Encantada; East Elliott,884828,0,,,0,0,0,0,0,0,0
2018,Parks - Trails,243,Parks & Recreation,Mission Trails RP Trail Realignments,2019,2019,Council District: 7; Community Plan: Navajo; Tierrasanta,99999,0,,,0,250000,0,0,0,0,0
2018,Parks - Open Space,244,Parks & Recreation,Mohnike Adobe and Barn Restoration,,,Council District: 6; Community Plan: Los Penasquitos Canyon Preserve,1813026,0,,,1583973,0,0,0,0,0,0
2018,P a r ks - Mini Parks,245,Parks & Recreation,North Park Mini Park and Streetscape Improvements,,,Council District: 3; Community Plan: Greater North Park,3224003,0,,,0,0,0,0,0,0,0
2018,Trans - Ped Fac - Sidewalks,246,Parks & Recreation,North Park,,,Council District: 3; Community Plan: Greater North Park,634999,0,,,0,0,0,0,0,0,0
2018,Bldg - Parks - Recreation/Pool Centers,247,Parks & Recreation,NTC Aquatic Center,,,Council District: 2; Community Plan: Peninsula,1486725,0,,,8000000,0,0,0,0,0,0
2018,P arks - Community,248,Parks & Recreation,Ocean Air Comfort Station and Park Improvements,,,Council District: 1; Community Plan: Carmel Valley,1881792,0,,,0,0,0,0,0,0,0
2018,Parks - Community,249,Parks & Recreation,Ocean Air CP - Turf Upgrades,,,Council District: 1; Community Plan: Carmel Valley,6523952,0,,,0,0,0,0,0,0,0
2018,Parks - Community,250,Parks & Recreation,Olive Grove Community Park ADA Improve,,,Council District: 6; Community Plan: Clairemont Mesa,447848,0,,,1170000,0,0,0,0,0,0
2018,Parks - Mini Parks,251,Parks & Recreation,Olive St Park Acquisition and Development,,,Council District: 3; Community Plan: Uptown,3271584,0,,,0,0,0,0,0,0,0
2018,Parks - Community,252,Parks & Recreation,Pacific Highlands Ranch Community Park,,,Council District: 1; Community Plan: Pacific Highlands Ranch,37400900,0,,,0,0,0,0,0,0,0
2018,Parks - Trails,253,Parks & Recreation,Pacific Highlands Ranch Hiking & Biking,,,Council District: 1; Community Plan: Pacific Highlands Ranch,5512810,0,,,0,0,0,0,0,0,0
2018,Bldg - Other City Facility / Structures,254,Parks & Recreation,Paradise Senior Center Improvements,,,Council District: 8; Community Plan: Barrio Logan,699999,0,,,0,0,0,0,0,0,0
2018,P arks - Miscellaneous Parks,255,Parks & Recreation,Park de la Cruz Neighborhood Park Improvements,,,Council District: 9; Community Plan: Mid-City: City Heights,15141902,0,,,0,0,0,0,0,0,0
2018,Parks - Miscellaneous Parks,256,Parks & Recreation,Park Improvements,2019,2019,Council District: Citywide; Community Plan: Balboa Park,2258998,0,,,0,1250000,0,0,0,0,0
2018,Parks - Miscellaneous Parks,257,Parks & Recreation,Piazza Famiglia Park,,,Council District: 3; Community Plan: Centre City,1000000,0,,,0,0,0,0,0,0,0
2018,Parks - Neighborhood,258,Parks & Recreation,Rancho Mission Canyon Park Upgrades,,,Council District: 7; Community Plan: Navajo,2324694,0,,,0,0,0,0,0,0,0
2018,Parks - Miscellaneous Parks,259,Parks & Recreation,Regional Park Improvements,2019,2022,Council District: Citywide; Community Plan: Balboa Park,0,0,,,0,792635,0,0,400000,0,0
2018,Parks - Resource Based,260,Parks & Recreation,Resource-Based Open Space Parks,,,Council District: Citywide; Community Plan: Citywide,4777430,0,,,0,0,0,0,0,0,0
2018,Parks - Neighborhood,261,Parks & Recreation,Riviera Del Sol Neighborhood Park,,,Council District: 8; Community Plan: Otay Mesa,8970837,0,,,0,0,0,0,0,0,0
2018,Parks - Miscellaneous Parks,262,Parks & Recreation,Rolando Joint Use Facility Development,,,Council District: 4; Community Plan: Mid-City: Eastern Area,1219999,0,,,1030000,0,0,0,0,0,0
2018,Parks - Neighborhood,263,Parks & Recreation,Rolling Hills Neighborhood Park ADA Upgrades,,,Council District: 5; Community Plan: Rancho Penasquitos,2028181,0,,,0,0,0,0,0,0,0
2018,Parks - Neighborhood,264,Parks & Recreation,Sage Canyon NP Concession Bldg-Develop,,,Council District: 1; Community Plan: Carmel Valley,1310499,0,,,0,0,0,0,0,0,0
2018,Parks - Neighborhood,265,Parks & Recreation,Salk Neighborhood Park & Joint Use Devel,,,Council District: 6; Community Plan: Mira Mesa,6036685,0,,,0,0,0,0,0,0,0
2018,Parks - Community,266,Parks & Recreation,San Ysidro Community Park ADA Improvements,,,Council District: 8; Community Plan: San Ysidro,870709,0,,,0,0,0,0,0,0,0
2018,Drainage - Channels,267,Parks & Recreation,SD River Dredging Qualcomm Way to SR163,,,Council District: 7; Community Plan: C28 Mission Valley,538999,0,,,550000,0,0,0,0,0,0
2018,Parks - Neighborhood,268,Parks & Recreation,Silver Wing Pk Ballfield Lighting - Ph 2,,,Council District: 8; Community Plan: Otay Mesa - Nestor,1142759,0,,,0,0,0,0,0,0,0
2018,P arks - Miscellaneous Parks,269,Parks & Recreation,Skyline Hills Comm Pk Security Lighting Upgrades,2019,2019,Council District: 4; Community Plan: Skyline - Paradise Hills,149999,0,,,0,70000,0,0,0,0,0
2018,Parks - Community,270,Parks & Recreation,Skyline Hills Community Park ADA Improve,,,Council District: 4; Community Plan: Southeastern (Encanto Neighborhoods),2859853,0,,,0,0,0,0,0,0,0
2018,P a rks - Neighborhood,271,Parks & Recreation,Solana Highlands NP-Comfort Station Development,,,Council District: 1; Community Plan: Carmel Valley,1650265,0,,,0,0,0,0,0,0,0
2018,Parks - Miscellaneous Parks,272,Parks & Recreation,Southcrest Trails 252 Corr Park Imp-Ph2,,,Council District: 9; Community Plan: Southeastern San Diego,2692269,0,,,0,0,0,0,0,0,0
2018,Parks - Mini Parks,273,Parks & Recreation,Southeastern Mini Park Improvements,2020,2023,Council District: 8; Community Plan: Southeastern San Diego,2020547,0,,,0,0,3265452,75000,75000,75000,0
2018,P arks - Open Space,274,Parks & Recreation,Sunset Cliffs Natural Pk Hillside Imp Preserv Phas,,,Council District: 2; Community Plan: Peninsula,3799290,0,,,0,0,0,0,0,0,0
2018,Parks - Miscellaneous Parks,275,Parks & Recreation,Sunset Cliffs Park Drainage Improvements,2020,2023,Council District: 2; Community Plan: Peninsula,1614246,0,,,6000000,0,400000,0,1000000,600000,0
2018,Trans - Roadway - Enhance/Scape/Medians,276,Parks & Recreation,Switzer Canyon Bridge Enhancement Prog,,,Council District: 3; Community Plan: Greater North Park,74999,0,,,1225000,0,0,0,0,0,0
2018,Parks - Miscellaneous Parks,277,Parks & Recreation,Taft Joint Use Facility Development,,,Council District: 7; Community Plan: Serra Mesa,3454599,0,,,472546,0,0,0,0,0,0
2018,Trans - Roadway - Enhance/Scape/Medians,278,Parks & Recreation,Talmadge Historic Gates,,,Council District: 9; Community Plan: Mid-City: Kensington # Talmadge,453725,0,,,0,0,0,0,0,0,0
2018,Trans - Roadway - Enhance/Scape/Medians,279,Parks & Recreation,Talmadge Traffic Calming Infrastructure,2019,2019,Council District: 9; Community Plan: Mid-City: Kensington # Talmadge,259999,0,,,1119993,20000,0,0,0,0,0
2018,Parks - Community,280,Parks & Recreation,Tierrasanta Sports Field Lighting Phase II,,,Council District: 7; Community Plan: Tierrasanta,209854,0,,,0,0,0,0,0,0,0
2018,Trans - Roadway - Enhance/Scape/Medians,281,Parks & Recreation,Torrey Highlands Community ID & Enhance,,,Council District: 5; Community Plan: Torrey Highlands,374999,0,,,0,0,0,0,0,0,0
2018,Parks - Neighborhood,282,Parks & Recreation,Torrey Highlands NP Upgrades,,,Council District: 1; Community Plan: Carmel Valley,763215,0,,,21784,0,0,0,0,0,0
2018,Parks - Neighborhood,283,Parks & Recreation,Torrey Highlands Park Play Area Upgrades,,,Council District: 1; Community Plan: Carmel Valley,942734,0,,,0,0,0,0,0,0,0
2018,Parks - Neighborhood,284,Parks & Recreation,Torrey Meadows Neighborhood Park,,,Council District: 5; Community Plan: Torrey Highlands,7922754,0,,,0,0,0,0,0,0,0
2018,Golf Courses,285,Parks & Recreation,Torrey Pines Golf Course,,,Council District: 1; Community Plan: Balboa Park; Mission Bay Park; University,1007128,0,,,0,0,0,0,0,0,0
2018,Golf Courses,286,Parks & Recreation,TP South Golf Course Imp Renovation,,,Council District: 1; Community Plan: University,17149999,0,,,0,0,0,0,0,0,0
2018,Parks - Miscellaneous Parks,287,Parks & Recreation,Tubman Charter School JU Improvements,,,Council District: 9; Community Plan: College Area,1403999,0,,,0,0,0,0,0,0,0
2018,Parks - Neighborhood,288,Parks & Recreation,University Village Park Tot Lot,,,Council District: 1; Community Plan: University,695252,0,,,0,0,0,0,0,0,0
2018,Parks - Mini Parks,289,Parks & Recreation,La Paz Mini Park,,,Council District: 4; Community Plan: Southeastern (Encanto Neighborhoods),2254870,0,,,0,0,0,0,0,0,0
2018,Parks - Neighborhood,290,Parks & Recreation,Villa Monserate Neighborhood Park Upgrades,,,Council District: 7; Community Plan: Tierrasanta,991118,0,,,434517,0,0,0,0,0,0
2018,Parks - Miscellaneous Parks,291,Parks & Recreation,Wangenheim Joint Use Facility,,,Council District: 6; Community Plan: Mira Mesa,5643210,0,,,0,0,0,0,0,0,0
2018,Parks - Mini Parks,292,Parks & Recreation,Waldo Waterman Park,,,Council District: 3; Community Plan: Uptown,1265963,0,,,0,0,0,0,0,0,0
2018,Parks - Neighborhood,293,Parks & Recreation,Wightman Street Neighborhood Park,,,Council District: 9; Community Plan: Mid-City: City Heights,3530778,0,,,0,0,0,0,0,0,0
2018,Intangible Assets # Information Tech,301,Police,CAD System Replacement Project,,,Council District: Citywide; Community Plan: Citywide,8254820,0,,,0,0,0,0,0,0,0
2018,Bldg - Pub Safety - Police Fac / Struct,302,Police,Police 911 Call Manager,,,Council District: 3; Community Plan: Centre City,1230275,0,,,0,0,0,0,0,0,0
2018,Bldg - Pub Safety - Police Fac / Struct,303,Police,Police HQs CoGeneration Repower Project,,,Council District: 3; Community Plan: Centre City,1933084,0,,,0,0,0,0,0,0,0
2018,Bldg - Pub Safety - Police Fac / Struct,304,Police,Police Range Refurbishment,2019,2019,Council District: 9; Community Plan: Mid-City: City Heights,2247863,0,,,0,150000,0,0,0,0,0
2018,Bldg - Pub Safety - Police Fac / Struct,305,Police,Police Range Refurbishment Phase II,,,Council District: 9; Community Plan: Mid-City: City Heights,9099999,0,,,0,0,0,0,0,0,0
2018,Water - Distribution Sys - Transmission,314,Public Utilities,30th Street Pipeline Replacement,2019,2020,Council District: 3 8; Community Plan: Priority Category: Medium,10921186,0,,,0,11578813,5000000,0,0,0,0
2018,Bldg - Water - Pump Stations,315,Public Utilities,69th & Mohawk Pump Station,,,Council District: 4 9; Community Plan: College Area; Mid-City: Eastern Area,15088593,0,,,0,0,0,0,0,0,0
2018,Bldg - Other City Facility / Structures,316,Public Utilities,Advanced Metering Infrastructure,2019,2019,Council District: Citywide; Community Plan: Citywide,65787033,0,,,0,1781864,0,0,0,0,0
2018,Water - Distribution Sys - Transmission,317,Public Utilities,Alvarado 2nd Extension Pipeline,2019,2023,Council District: 2 3 7; Community Plan: Mission Valley; Mission Bay Park; Old San Diego,4203985,0,,,0,2500000,5000000,20000000,20000000,1409056,0
2018,Wastewater - Collection Sys - Trunk Swr,318,Public Utilities,Alvarado Trunk Sewer Phase IV,2019,2022,Council District: 7 9; Community Plan: Navajo; College Area,5200000,0,,,0,250000,6670000,21660000,11519000,0,0
2018,Bldg - MWWD - Pump Stations,319,Public Utilities,"Backup Generators at SPS's, TP & EMTS",,,Council District: 1 5 8; Community Plan: University; Miramar Ranch North; Barrio Logan; Torrey Pines,15345599,0,,,0,0,0,0,0,0,0
2018,Bldg - Other City Facility / Structures,320,Public Utilities,Bayview Reservoir Solar Project,,,Council District: 1; Community Plan: La Jolla,1324999,0,,,0,0,0,0,0,0,0
2018,Water - Distribution Sys - Transmission,321,Public Utilities,Catalina 12inch Cast Iron Mains,,,Council District: 2; Community Plan: Peninsula,12479999,0,,,0,0,0,0,0,0,0
2018,Bldg - Operations Facility / Structures,322,Public Utilities,Chollas Building,2019,2019,Council District: 4; Community Plan: Mid-City: Eastern Area,32096618,0,,,0,8380251,0,0,0,0,0
2018,Bldg - Water - Pump Stations,323,Public Utilities,Cielo & Woodman Pump Station,2019,2019,Council District: 4; Community Plan: Southeastern (Encanto Neighborhoods),2531999,0,,,0,4146000,0,0,0,0,0
2018,Water - Distribution Sys - Transmission,324,Public Utilities,Corrosion Control,,,Council District: Citywide; Community Plan: Citywide,479784,0,,,0,0,0,0,0,0,0
2018,Water - Distribution Sys - Distribution,325,Public Utilities,El Monte Pipeline No 2,2019,2021,Council District: 7; Community Plan: Navajo,2947999,0,,,0,1000000,3000000,2663558,0,0,0
2018,Bldg - MWWD - Laboratories,326,Public Utilities,EMTS Boat Dock Esplanade,2019,2020,Council District: 2; Community Plan: Peninsula,518534,0,,,0,500000,1000000,0,0,0,0
2018,Water - Distribution Sys - Distribution,327,Public Utilities,Freeway Relocation,2019,2023,Council District: Citywide; Community Plan: Citywide,2089773,0,,,0,500000,100000,100000,100000,100000,0
2018,Bldg - Water - Wells,328,Public Utilities,Groundwater Asset Development Program,2019,2023,Council District: Citywide; Community Plan: Citywide,2677604,0,,,0,150000,1900000,200000,200000,200000,0
2018,Wastewater - Collection Sys - Trunk Swr,329,Public Utilities,Harbor Dr TS Participation Agreement,2019,2020,Council District: 3 8; Community Plan: Barrio Logan,1791249,0,,,0,3000000,8631582,0,0,0,0
2018,Water - Distribution Sys - Distribution,330,Public Utilities,Instrumentation and Control,2019,2023,Council District: Citywide; Community Plan: Citywide,200000,0,,,0,300000,500000,500000,500000,350000,0
2018,Water - Distribution Sys - Transmission,331,Public Utilities,La Jolla Scenic Drive 16inch Main,,,Council District: 1; Community Plan: La Jolla,9231999,0,,,0,0,0,0,0,0,0
2018,Water - Distribution Sys - Distribution,332,Public Utilities,La Jolla View Reservoir,2019,2022,Council District: 1; Community Plan: La Jolla,3924999,0,,,0,500000,305000,12000000,10270314,0,0
2018,Water - Distribution Sys - Transmission,333,Public Utilities,Large Diameter Water Transmission PPL,2019,2023,Council District: Citywide; Community Plan: Citywide,30514451,0,,,0,16991975,9945083,14346178,14346178,752211,0
2018,Water - Distribution Sys - Transmission,334,Public Utilities,Little McGonigle Ranch Road Pipeline,,,Council District: 1; Community Plan: Del Mar Mesa; Pacific Highlands Ranch,5999999,0,,,0,0,0,0,0,0,0
2018,Bldg - Water - Reservoirs/Dams,335,Public Utilities,Lower Otay Outlet Tower,2019,2019,Council District: Non-City; Community Plan: Non City,999999,0,,,0,990811,0,0,0,0,0
2018,Bldg - Water - Reservoirs/Dams,336,Public Utilities,Lower Otay Reservoir Emer Outlet Improve,,,Council District: 8; Community Plan: Non City,1179970,0,,,0,0,0,0,0,0,0
2018,Bldg - MWWD - Treatment Plants,337,Public Utilities,MBC Dewatering Centrifuges Replacement,,,Council District: 6; Community Plan: Non City,12122443,0,,,0,0,0,0,0,0,0
2018,Bldg - MWWD - Treatment Plants,338,Public Utilities,MBC Equipment Upgrades,2019,2022,Council District: 6; Community Plan: Kearny Mesa,1199999,0,,,0,1100000,4400000,3080000,660000,0,0
2018,Bldg - MWWD - Treatment Plants,339,Public Utilities,Metro Treatment Plants,2019,2021,Council District: 2 6 7 8; Community Plan: Peninsula; University; Tijuana River Valley,5636885,0,,,0,7990800,1991500,121264,0,0,0
2018,Bldg - MWWD - Pump Stations,340,Public Utilities,Metropolitan System Pump Stations,2019,2023,Council District: Citywide; Community Plan: Citywide,11193702,0,,,0,500000,807840,316968,140000,140000,0
2018,W a s t e water - Collection Sys - Trunk Swr,341,Public Utilities,Metropolitan Waste Water Department Trunk Sewers,2019,2023,Council District: Citywide; Community Plan: Citywide,14163126,0,,,0,10374893,1101460,1634689,3762983,1973202,0
2018,Bldg - Water - Standpipes,342,Public Utilities,Miramar Clearwell Improvements,2019,2020,Council District: 5; Community Plan: Scripps Miramar Ranch; Miramar Ranch North,81332843,0,,,0,29080100,9915800,0,0,0,0
2018,Bldg - Other City Facility / Structures,343,Public Utilities,MOC Complex Solar Project,,,Council District: 6; Community Plan: Kearny Mesa,2674999,0,,,0,0,0,0,0,0,0
2018,Water - Distribution Sys - Distribution,344,Public Utilities,Montezuma,2019,2020,Council District: 7 9; Community Plan: College Area; Mid-City: Eastern Area; Navajo,8018199,0,,,0,10000000,13536800,0,0,0,0
2018,Water - Distribution Sys - Transmission,345,Public Utilities,Morena Pipeline,2019,2022,Council District: 2 6 7; Community Plan: Linda Vista; Clairemont Mesa; Mission Valley,5998114,0,,,0,5000000,12000000,10175277,5000000,0,0
2018,Bldg - Water - Reservoirs/Dams,346,Public Utilities,Morena Reservoir Outlet Tower Upgrade,2020,2021,Council District: Non-City; Community Plan: Non City,3979999,0,,,0,0,11000000,11520000,0,0,0
2018,Bldg - MWWD - Treatment Plants,347,Public Utilities,NCWRP Improvements to 30 mgd,2019,2022,Council District: 1; Community Plan: University,2109999,0,,,0,3580000,14080000,6710000,2200000,0,0
2018,Water - Distribution Sys - Distribution,348,Public Utilities,"New 16"" Water Mains (U-3)",2019,2019,Council District: 5; Community Plan: Torrey Highlands,1224999,0,,,0,751759,0,0,0,0,0
2018,Water - Distribution Sys - Transmission,349,Public Utilities,Otay 1st/2nd PPL Abandon E of Highland,,,Council District: 4 9; Community Plan: Mid-City: Eastern Area; Mid-City: City Heights,6833389,0,,,0,0,0,0,0,0,0
2018,Water - Distribution Sys - Transmission,350,Public Utilities,Otay 1st/2nd PPL West of Highland Avenue,2019,2021,Council District: 3 9; Community Plan: Mid-City: City Heights; Greater North Park,4113050,0,,,0,9700000,10000000,5627449,0,0,0
2018,Water - Distribution Sys - Transmission,351,Public Utilities,Otay Second Pipeline Relocation-PA,2019,2023,Council District: Non-City; Community Plan: Non City,1834091,0,,,0,3000000,8262079,10218802,729472,4000000,0
2018,Bldg - Water - Treatment Plants,352,Public Utilities,Otay WTP Concrete Work,,,Council District: Non-City; Community Plan: Non City,4751305,0,,,0,0,0,0,0,0,0
2018,Water - Distribution Sys - Transmission,353,Public Utilities,Pacific Beach Pipeline South (W),2019,2020,Council District: 2; Community Plan: Priority Category: Medium,23881582,0,,,0,10491262,5737598,0,0,0,0
2018,Wastewater - Collection Sys - Main,354,Public Utilities,Pipeline Rehabilitation,2019,2022,Council District: Citywide; Community Plan: Citywide,92130062,0,,,0,30097920,15000000,15000000,15000000,0,0
2018,Bldg - MWWD - Treatment Plants,355,Public Utilities,Point Loma Grit Processing Improvements,,,Council District: 2; Community Plan: Peninsula,37315036,0,,,0,0,0,0,0,0,0
2018,Water - Distribution Sys - Transmission,356,Public Utilities,Pressure Reduction Facility Upgrades,2019,2019,Council District: Citywide; Community Plan: Citywide,849999,0,,,0,200000,0,0,0,0,0
2018,Bldg - MWWD - Pump Stations,357,Public Utilities,PS 84 Upgrade & PS 62 Abandon,,,Council District: 5; Community Plan: Rancho Bernardo; Rancho Penasquitos,10320399,0,,,0,0,0,0,0,0,0
2018,Bldg - MWWD - Pump Stations,358,Public Utilities,PS2 Power Reliability & Surge Protection,2019,2021,Council District: 2; Community Plan: Peninsula,24345231,0,,,0,19950000,15350000,12955568,0,0,0
2018,B l d g - MWWD - Pump Stations,359,Public Utilities,"Pump Station 64,65, Penasquitos, E Mission Gorge",2019,2019,Council District: Citywide; Community Plan: Citywide,6314098,0,,,0,652960,0,0,0,0,0
2018,Bldg - MWWD - Pump Stations,360,Public Utilities,Pump Station Restorations,2019,2021,Council District: Citywide; Community Plan: Citywide,10330920,0,,,0,700000,2257204,3340734,0,0,0
2018,Potable Reuse,361,Public Utilities,PURE Water Program,2019,2023,Council District: Citywide; Community Plan: Citywide,153000311,0,,,0,121379888,513648932,315420821,105988928,10225007,0
2018,Reclaimed Water System - Pipelines,362,Public Utilities,Recycled Water Systems Upgrades,2019,2023,Council District: Citywide; Community Plan: Citywide,2227585,0,,,0,610000,210000,210000,210000,210000,0
2018,Reclaimed Water System - Reservoirs,363,Public Utilities,Recycled Water Tank Modifications,,,Council District: 5 8; Community Plan: Priority Category: Medium,1499999,0,,,0,0,0,0,0,0,0
2018,Intangible Assets # Information Tech,364,Public Utilities,PUD SAP EHS Implementation,,,,299999,0,,,0,0,0,0,0,0,0
2018,Bldg - MWWD - Treatment Plants,365,Public Utilities,SBWR Plant Demineralization,,,Council District: 8; Community Plan: Tijuana River Valley,5973694,0,,,0,0,0,0,0,0,0
2018,Bldg - Other City Facility / Structures,366,Public Utilities,Sewer CIP Emergency Reserve,2019,2019,Council District: Citywide; Community Plan: Citywide,5000000,0,,,0,5000000,0,0,0,0,0
2018,Wastewater - Collection Sys - Main,367,Public Utilities,Sewer Main Replacements,2019,2023,Council District: Citywide; Community Plan: Citywide,234518369,0,,,0,60600791,38301625,30009242,30009242,25237861,0
2018,Bldg - MWWD - Treatment Plants,368,Public Utilities,South Metro Sewer Rehabilitation Ph 3B,2019,2022,Council District: 2; Community Plan: Peninsula,157505,0,,,0,500000,2000000,4000000,2557451,0,0
2018,Bldg - Water - Standpipes,369,Public Utilities,Standpipe and Reservoir Rehabilitations,2019,2021,Council District: Citywide; Community Plan: Citywide,15872933,0,,,0,4675053,6567358,1122040,0,0,0
2018,Wastewater - Collection Sys - Trunk Swr,370,Public Utilities,Tecolote Canyon Trunk Sewer Improvement,2020,2021,Council District: 2; Community Plan: Clairemont Mesa,5679999,0,,,0,0,10000000,1180000,0,0,0
2018,Bldg - Water - Pump Stations,371,Public Utilities,Tierrasanta (Via Dominique) Pump Station,2019,2019,Council District: 7; Community Plan: Tierrasanta,14653995,0,,,0,600000,0,0,0,0,0
2018,Water - Distribution Sys - Distribution,372,Public Utilities,University Ave Pipeline Replacement,,,Council District: 3; Community Plan: Uptown; Greater North Park,25999999,0,,,0,0,0,0,0,0,0
2018,Bldg - Water - Standpipes,373,Public Utilities,University Heights Water Tower Seismic Retrofit,,,Council District: 3; Community Plan: Greater North Park,2162999,0,,,0,0,0,0,0,0,0
2018,Wastewater - Collection Sys - Main,374,Public Utilities,Unscheduled Projects,,,Council District: Citywide; Community Plan: Citywide,10719264,0,,,0,0,0,0,0,0,0
2018,Water - Distribution Sys - Distribution,375,Public Utilities,Upas St Pipeline Replacement,2019,2019,Council District: 2 3; Community Plan: Uptown; Greater North Park; Midway - Pacific Highway,35896325,0,,,0,500000,0,0,0,0,0
2018,Water - Distribution Sys - Distribution,376,Public Utilities,Water & Sewer Group Job 816 (W),2019,2019,Council District: 2; Community Plan: Pacific Beach,15033882,0,,,0,1485509,0,0,0,0,0
2018,Bldg - Other City Facility / Structures,377,Public Utilities,Water CIP Emergency Reserve,,,Council District: Citywide; Community Plan: Citywide,5000000,0,,,0,0,0,0,0,0,0
2018,Bldg - Operations Facility / Structures,378,Public Utilities,Water Department Security Upgrades,2020,2020,Council District: Citywide; Community Plan: Citywide,8565061,0,,,0,0,1800000,0,0,0,0
2018,Water - Distribution Sys - Distribution,379,Public Utilities,Water Main Replacements,2019,2023,Council District: Citywide; Community Plan: Citywide,250124788,0,,,0,77121574,50000000,50000000,50000000,35823418,0
2018,Bldg - Water - Pump Stations,380,Public Utilities,Water Pump Station Restoration,2019,2022,Council District: Citywide; Community Plan: Citywide,15900779,0,,,0,6401328,6091349,8618132,8618132,0,0
2018,Bldg - Water - Treatment Plants,381,Public Utilities,Water Treatment Plants,2019,2022,Council District: 5 7 Non-City; Community Plan: Scripps Miramar Ranch; Navajo; Non City,2569965,0,,,0,200000,703600,246192,246192,0,0
2018,Bldg - MWWD - Administration Struct,382,Public Utilities,Wet Weather Storage Facility,2020,2021,Council District: 1 2 6; Community Plan: University; Clairemont Mesa; Mission Bay Park; Peninsula,2491625,0,,,0,0,1000000,3780501,0,0,0
2018,Bldg - Other City Facility / Structures,388,Public Works - General Services,City Facilities Improvements,2019,2023,Council District: Citywide; Community Plan: Citywide,35619139,0,,,146450408,2975000,13600000,16700000,15400000,1900000,0
2018,Bldg - Other City Facility / Structures,389,Public Works - General Services,Palm Avenue Transitional Housing,,,Council District: 8; Community Plan: Otay Mesa - Nestor,6499999,0,,,0,0,0,0,0,0,0
2018,Trans - Signals - Calming/Speed Abatemt,402,Transportation & Storm Water,25th Street Renaissance Project,,,Council District: 3; Community Plan: Greater Golden Hill,2862047,0,,,0,0,0,0,0,0,0
2018,Trans - Roadway,403,Transportation & Storm Water,43rd St fr Logan to I805 St Widening,,,Council District: 4 9; Community Plan: C48 Southeastern San Diego,8948222,0,,,0,0,0,0,0,0,0
2018,Trans - Roads/Widening/Reconfiguration,404,Transportation & Storm Water,Airway Road Improvements,,,Council District: 8; Community Plan: Otay Mesa,10000,0,,,0,0,0,0,0,0,0
2018,Drainage - Storm Drain Pipes,405,Transportation & Storm Water,Alta La Jolla Drive Drainage Repair PhII,,,Council District: 1; Community Plan: La Jolla,6206104,0,,,0,0,0,0,0,0,0
2018,Drainage - Storm Drain Pipes,406,Transportation & Storm Water,Avenida de la Playa Infrastructure-SD,,,Council District: 1; Community Plan: La Jolla,12462506,0,,,0,0,0,0,0,0,0
2018,Trans - Roadway - Enhance/Scape/Medians,407,Transportation & Storm Water,Azalea Park Neighborhood Identification,,,Council District: 9; Community Plan: Mid-City: City Heights,388001,0,,,0,0,0,0,0,0,0
2018,Trans - Roadway - Enhance/Scape/Medians,408,Transportation & Storm Water,Balboa Avenue Corridor Improvements,,,Council District: 2 6; Community Plan: Clairemont Mesa; Kearny Mesa,3063987,0,,,0,0,0,0,0,0,0
2018,Trans - Bicycle Facilities (All Class.),409,Transportation & Storm Water,Bayshore Bikeway,,,Council District: 8; Community Plan: C34 Otay Mesa - Nestor,5667774,0,,,0,0,0,0,0,0,0
2018,Trans - Roadway - GRails/BRails/Safety,410,Transportation & Storm Water,Bridge Rehabilitation,2019,2023,Council District: Citywide; Community Plan: Citywide,4199076,0,,,0,600000,500000,500000,500000,500000,0
2018,Trans - Roadway,411,Transportation & Storm Water,Bus Stop Improvements,2022,2023,Council District: Citywide; Community Plan: Citywide,111872,0,,,0,0,0,0,106000,190000,0
2018,T r a ns - Roadway,412,Transportation & Storm Water,Camino Del Sur - 2 Lns(T Sta Fe to Carmel Mtn. Rd),2019,2019,Council District: 5; Community Plan: Torrey Highlands,3245000,0,,,0,1925000,0,0,0,0,0
2018,Trans - Roadway,413,Transportation & Storm Water,Camino Del Sur (Bernardo Lks,,,Council District: 1; Community Plan: Black Mountain Ranch,49999,0,,,0,0,0,0,0,0,0
2018,Trans - Roadway,414,Transportation & Storm Water,Camino Del Sur-SR-56 to Dormouse,,,Council District: 6; Community Plan: C40 Rancho Penasquitos; C51 Torrey Highlands,1204893,0,,,0,0,0,0,0,0,0
2018,Trans - Bicycle Facilities (All Class.),415,Transportation & Storm Water,Carmel Country Road Low Flow Channel,,,Council District: 1; Community Plan: Carmel Valley,2711999,0,,,0,0,0,0,0,0,0
2018,Trans - Roadway,416,Transportation & Storm Water,Carmel Mountain Rd to Del Mar Mesa Rd,,,Council District: 1; Community Plan: Del Mar Mesa,1799999,0,,,0,0,0,0,0,0,0
2018,Trans - Roadway,417,Transportation & Storm Water,Carmel Mountain Road (T-5.2),2019,2019,Council District: 5 6; Community Plan: Torrey Highlands,2699999,0,,,0,7070179,0,0,0,0,0
2018,Trans - Roadway,418,Transportation & Storm Water,Carmel Val Rd-Lopelia Mdws-Via Abertura,,,Council District: 1; Community Plan: Pacific Highlands Ranch,13999999,0,,,0,0,0,0,0,0,0
2018,Trans - Roadway,419,Transportation & Storm Water,Carmel Valley Rd 4/6 Lanes s of Street A,,,Council District: 1; Community Plan: Torrey Highlands; Pacific Highlands Ranch,7084999,0,,,0,0,0,0,0,0,0
2018,T r a n s - Roadway,420,Transportation & Storm Water,Carmel Vly Rd Widening(Camino Del Sur to Blk MtnRd,2019,2019,Council District: 5; Community Plan: Torrey Highlands,1774058,0,,,0,1145519,0,0,0,0,0
2018,Trans - Bridge - Vehicular,421,Transportation & Storm Water,Carroll Cyn Rd,,,Council District: 1 6; Community Plan: C24 Mira Mesa; Torrey Pines,21057999,0,,,0,0,0,0,0,0,0
2018,Trans - Ped Fac - Sidewalks,422,Transportation & Storm Water,Cherokee Street Improvements,,,Council District: 3; Community Plan: Mid-City: Normal Heights,1930004,0,,,0,0,0,0,0,0,0
2018,Trans - Ped Fac - Sidewalks,423,Transportation & Storm Water,City Heights Pedestrian Imp Phase 2,,,Council District: 9; Community Plan: Mid-City: City Heights,596041,0,,,0,0,0,0,0,0,0
2018,Trans - Ped Fac - Sidewalks,424,Transportation & Storm Water,City Heights Pedestrian Improvements,,,Council District: 9; Community Plan: Mid-City: City Heights,4185756,0,,,0,0,0,0,0,0,0
2018,Trans - Bicycle Facilities (All Class.),425,Transportation & Storm Water,Coastal Rail Trail,,,Council District: 1; Community Plan: La Jolla,3042271,0,,,21425628,0,0,0,0,0,0
2018,Drainage - Storm Drain Pipes,426,Transportation & Storm Water,Coolidge Street Storm Drain,,,Council District: 7; Community Plan: Linda Vista,1184873,0,,,0,0,0,0,0,0,0
2018,Trans - Roadway,427,Transportation & Storm Water,Del Sol Boulevard-Central,,,Council District: 8; Community Plan: Otay Mesa,5529193,0,,,0,0,0,0,0,0,0
2018,Drainage - Storm Drain Pipes,428,Transportation & Storm Water,Drainage Projects,,,Council District: Citywide; Community Plan: Citywide,73241571,0,,,304867669,0,0,0,0,0,0
2018,Trans - Bridge - Vehicular,429,Transportation & Storm Water,El Camino Real to ViaDeLaValle (1/2 mile),2019,2024,Council District: 1; Community Plan: C15 Future Urbanizing Area - Subarea 2,10694796,0,,,2965000,937000,0,0,20695658,0,1110000
2018,Trans - Bicycle Facilities (All Class.),430,Transportation & Storm Water,El Camino Real,,,Council District: 1; Community Plan: Carmel Valley,555339,0,,,0,0,0,0,0,0,0
2018,Trans - Roadway,431,Transportation & Storm Water,Euclid Avenue & Home Improvements,,,Council District: 9; Community Plan: Mid-City: Normal Heights,1012739,0,,,0,0,0,0,0,0,0
2018,Trans - Signals - Calming/Speed Abatemt,432,Transportation & Storm Water,Five Points Neighborhood Pedestrian Impr,,,Council District: 2 3; Community Plan: Uptown; Midway - Pacific Highway,924999,0,,,0,0,0,0,0,0,0
2018,Trans - Bridge - Vehicular,433,Transportation & Storm Water,Genesee Avenue Widen I-5 Crossing,,,Council District: 1; Community Plan: C53 University,22587666,0,,,0,0,0,0,0,0,0
2018,Trans - Bridge - Vehicular,434,Transportation & Storm Water,Georgia Street Bridge Improvements,2019,2019,Council District: 3; Community Plan: C17 Greater North Park,15170308,0,,,0,810000,0,0,0,0,0
2018,Trans - Roadway - GRails/BRails/Safety,435,Transportation & Storm Water,Guard Rails,,,Council District: Citywide; Community Plan: Citywide,3472840,0,,,1806300,0,0,0,0,0,0
2018,Drainage - Storm Drain Pipes,436,Transportation & Storm Water,Hayes Ave Storm Drain,,,Council District: 3; Community Plan: Uptown,1320099,0,,,0,0,0,0,0,0,0
2018,Trans - Signals - Traffic Signals,437,Transportation & Storm Water,Install T/S Interconnect Systems,2019,2023,Council District: Citywide; Community Plan: Citywide,10914693,0,,,118575400,100000,100000,100000,100000,100000,0
2018,Trans - Roadway - Street Lighting,438,Transportation & Storm Water,Installation of City Owned Street Lights,2019,2023,Council District: Citywide; Community Plan: Citywide,4376415,0,,,182509832,4190168,200000,200000,200000,200000,0
2018,Trans - Bicycle Facilities (All Class.),439,Transportation & Storm Water,Interstate 5 Underpass-Bikeway,,,Council District: 1; Community Plan: Carmel Valley,1630229,0,,,1116010,0,0,0,0,0,0
2018,Trans - Roadway,440,Transportation & Storm Water,Juan Street Concrete Street,,,Council District: 3; Community Plan: Old San Diego; Uptown,8529842,0,,,0,0,0,0,0,0,0
2018,Trans - Roadway,441,Transportation & Storm Water,La Jolla Mesa Drive Sidewalk,,,Council District: 1; Community Plan: C20 La Jolla,615999,0,,,0,0,0,0,0,0,0
2018,Trans - Bridge - Vehicular,442,Transportation & Storm Water,La Jolla Village Drive-I-805 Ramps,,,Council District: 1; Community Plan: C53 University,23974535,0,,,0,0,0,0,0,0,0
2018,Trans - Roads/Widening/Reconfiguration,443,Transportation & Storm Water,La Media Road Improvements,2019,2019,Council District: 8; Community Plan: Otay Mesa,11796689,0,,,24834262,369048,0,0,0,0,0
2018,Trans - Roadway,444,Transportation & Storm Water,Linda Vista,,,Council District: 6; Community Plan: P09 Linda Vista,1052999,0,,,0,0,0,0,0,0,0
2018,Trans - Ped Fac - Sidewalks,445,Transportation & Storm Water,Market St-Euclid to Pitta-Improvements,2019,2019,Council District: 4; Community Plan: Southeastern (Encanto Neighborhoods),717499,0,,,4651600,200000,0,0,0,0,0
2018,Trans - Roadway - Enhance/Scape/Medians,446,Transportation & Storm Water,Market Street-47th to Euclid-Complete Street,2019,2020,Council District: 4; Community Plan: Southeastern (Encanto Neighborhoods),1058083,0,,,2901916,900000,2747000,0,0,0,0
2018,Trans - Roadway - Enhance/Scape/Medians,447,Transportation & Storm Water,Martin Luther King Jr. Promenade,,,Council District: 4; Community Plan: Southeastern San Diego,224999,0,,,1005000,0,0,0,0,0,0
2018,Trans - Roadway - Enhance/Scape/Medians,448,Transportation & Storm Water,Median Installation,2019,2023,Council District: Citywide; Community Plan: Citywide,2485545,0,,,5160000,750000,1140000,100000,100000,100000,0
2018,Trans - Bicycle Facilities (All Class.),449,Transportation & Storm Water,Minor Bike Facilities,2019,2023,Council District: Citywide; Community Plan: Citywide,10413896,0,,,86731000,900000,200000,200000,200000,200000,0
2018,Trans - Roadway,450,Transportation & Storm Water,Miramar Road-I-805 Easterly Ramps,2019,2019,Council District: 1; Community Plan: C53 University,7588072,0,,,0,460000,0,0,0,0,0
2018,Trans - Bridge - Vehicular,451,Transportation & Storm Water,N Torrey Pines Rd Bridge,,,Council District: 1; Community Plan: Torrey Pines,14530652,0,,,100000,0,0,0,0,0,0
2018,Trans - Ped Fac - Sidewalks,452,Transportation & Storm Water,New Walkways,2019,2023,Council District: Citywide; Community Plan: Citywide,13115452,0,,,104615000,1182000,1000000,1000000,1000000,1000000,0
2018,Trans - Roadway,453,Transportation & Storm Water,Old Otay Mesa Road-Westerly,,,Council District: 8; Community Plan: C33 Otay Mesa; Otay Mesa - Nestor,15651670,0,,,0,0,0,0,0,0,0
2018,Trans - Roadway,454,Transportation & Storm Water,Otay Mesa Truck Route Phase 4,2019,2019,Council District: 8; Community Plan: Otay Mesa,12249999,0,,,3630000,7580000,0,0,0,0,0
2018,Trans - Signals - Traffic Signals,455,Transportation & Storm Water,Pacific Highlands Traffic Signals,,,Council District: 1; Community Plan: Pacific Highlands Ranch,2400000,0,,,0,0,0,0,0,0,0
2018,Trans - Ped Fac - Accessibility Improve,456,Transportation & Storm Water,Pacific Hwy Curb Ramp Barrier Removal,,,Council District: 2; Community Plan: Midway - Pacific Highway,449999,0,,,0,0,0,0,0,0,0
2018,Trans - Bridge - Vehicular,457,Transportation & Storm Water,Palm Avenue Interstate 805 Interchange,,,Council District: 8; Community Plan: C33 Otay Mesa; C34 Otay Mesa - Nestor,7368662,0,,,27500000,0,0,0,0,0,0
2018,Trans - Roadway,458,Transportation & Storm Water,Palm Avenue Roadway Improvements,,,Council District: 8; Community Plan: Otay Mesa - Nestor,4817208,0,,,0,0,0,0,0,0,0
2018,Trans - Roadway,459,Transportation & Storm Water,Park Boulevard At-Grade Crossing,2019,2021,Council District: 3 8; Community Plan: Barrio Logan; Centre City,14105565,0,,,0,-8176261,10000000,7049718,0,0,0
2018,Trans - Bicycle Facilities (All Class.),460,Transportation & Storm Water,Poway Road Bicycle Path - Class I,,,Council District: 5; Community Plan: C41 Sabre Springs,2743499,0,,,0,0,0,0,0,0,0
2018,Trans - Roadway,461,Transportation & Storm Water,Regents Rd Widening-Genesee to Executive,2019,2019,Council District: 1; Community Plan: C53 University,7929999,0,,,0,250000,0,0,0,0,0
2018,Trans - Roadway,462,Transportation & Storm Water,Rosecrans Street Corridor Improvements,,,Council District: 2; Community Plan: C23 Midway - Pacific Highway; C37 Peninsula,1448324,0,,,0,0,0,0,0,0,0
2018,Trans - Ped Fac - Sidewalks,463,Transportation & Storm Water,School Traffic Safety Improvements,,,Council District: Citywide; Community Plan: Citywide,772782,0,,,0,0,0,0,0,0,0
2018,Trans - Bridge - Vehicular,464,Transportation & Storm Water,Sea World Dr,,,Council District: 6; Community Plan: C26 Mission Bay Park,1090537,0,,,119072571,0,0,0,0,0,0
2018,Trans - Ped Fac - Sidewalks,465,Transportation & Storm Water,Sidewalk Repair and Reconstruction,2019,2019,Council District: Citywide; Community Plan: Citywide,21309907,0,,,47000000,5000000,0,0,0,0,0
2018,Trans - Roads/Widening/Reconfiguration,466,Transportation & Storm Water,Siempre Viva Road Improvements,,,Council District: 8; Community Plan: Otay Mesa,10000,0,,,0,0,0,0,0,0,0
2018,Trans - Bridge - Vehicular,467,Transportation & Storm Water,SR 163,,,Council District: 6; Community Plan: Kearny Mesa,18421199,0,,,0,0,0,0,0,0,0
2018,Trans - Bridge - Vehicular,468,Transportation & Storm Water,SR 163,2019,2019,Council District: 7; Community Plan: C28 Mission Valley,56458878,0,,,0,4534778,0,0,0,0,0
2018,Trans - Roadway,469,Transportation & Storm Water,SR94,,,Council District: 4; Community Plan: Southeastern (Encanto Neighborhoods),5894799,0,,,0,0,0,0,0,0,0
2018,Trans - Bicycle Facilities (All Class.),470,Transportation & Storm Water,State Route 56 Bike Interchanges,,,Council District: 1; Community Plan: Priority Category: High,536094,0,,,0,0,0,0,0,0,0
2018,Trans - Roadway,471,Transportation & Storm Water,State Route 56 Freeway Expansion,2024,2024,Council District: 1; Community Plan: Priority Category: N/A,14670842,0,,,91000000,0,0,0,0,0,17909000
2018,Trans - Roadway,472,Transportation & Storm Water,Streamview Drive Improvements,,,Council District: 4; Community Plan: Mid-City: City Heights,4449950,0,,,0,0,0,0,0,0,0
2018,Trans - Roadway,473,Transportation & Storm Water,Streamview Drive Improvements Phase 2,2019,2021,Council District: 4; Community Plan: Mid-City: City Heights,149999,0,,,0,900000,501950,6598050,0,0,0
2018,Trans - Roadway - Street Lighting,474,Transportation & Storm Water,Street Light Circuit Upgrades,,,Council District: Citywide; Community Plan: Citywide,6246654,0,,,16600000,0,0,0,0,0,0
2018,Trans - Roadway,475,Transportation & Storm Water,Street Resurfacing and Reconstruction,2019,2023,Council District: Citywide; Community Plan: Citywide,162738372,0,,,70295963,24822333,20072680,14466847,23651346,23285844,0
2018,Trans - Roadway - Erosion/Slope/Ret Wall,476,Transportation & Storm Water,Talbot Street Slope Restoration,,,Council District: 2; Community Plan: C37 Peninsula,3672434,0,,,0,0,0,0,0,0,0
2018,Trans - Bridge - Vehicular,477,Transportation & Storm Water,Torrey Meadows Drive Overcrossing,,,Council District: 5; Community Plan: Torrey Highlands,15214999,0,,,0,0,0,0,0,0,0
2018,Trans - Ped Fac - Sidewalks,478,Transportation & Storm Water,Torrey Pines Road Improvement Phase 2,,,Council District: 1; Community Plan: Torrey Pines,1799999,0,,,0,0,0,0,0,0,0
2018,Trans - Roadway - Erosion/Slope/Ret Wall,479,Transportation & Storm Water,Torrey Pines Road Slope Restoration,,,Council District: 1; Community Plan: C20 La Jolla,4172719,0,,,0,0,0,0,0,0,0
2018,Trans - Signals - Calming/Speed Abatemt,480,Transportation & Storm Water,Traffic Calming,2019,2023,Council District: Citywide; Community Plan: Citywide,4780419,0,,,3740000,1200000,1000000,1000000,1000000,1000000,0
2018,Trans - Signals - Traffic Signals,481,Transportation & Storm Water,Traffic Signals - Citywide,2019,2023,Council District: Citywide; Community Plan: Citywide,6110212,0,,,5414200,1628000,750000,750000,750000,750000,0
2018,Trans - Signals - Traffic Signals,482,Transportation & Storm Water,Traffic Signals Modification,2019,2023,Council District: Citywide; Community Plan: Citywide,6922945,0,,,9013000,1787000,1000000,1000000,1000000,1000000,0
2018,Trans - Signals - Calming/Speed Abatemt,483,Transportation & Storm Water,University Avenue Complete Street Phase1,2019,2020,Council District: 9; Community Plan: Mid-City: City Heights,1426639,0,,,622180,200000,4469580,0,0,0,0
2018,Trans - Roadway - Enhance/Scape/Medians,484,Transportation & Storm Water,University Avenue Mobility,2019,2019,Council District: 3; Community Plan: Greater North Park,6929999,0,,,0,500000,0,0,0,0,0
2018,Trans - Roadway,485,Transportation & Storm Water,Utilities Undergrounding Program,2019,2023,Council District: Citywide; Community Plan: Citywide,79937806,0,,,0,5000000,5000000,5000000,5000000,5000000,0
2018,Trans - Roadway,486,Transportation & Storm Water,Via de la Valle Widening,2019,2024,Council District: 1; Community Plan: Black Mountain Ranch,1037286,0,,,0,3728001,0,0,0,0,4981076
2018,Trans - Bridge - Vehicular,487,Transportation & Storm Water,W Mission Bay Dr Bridge Over SD River,2019,2024,Council District: 2; Community Plan: Priority Category: High,128330598,0,,,0,13329459,3093369,3970293,0,0,4532110
2018,Drainage - Best Mgt Practices (BMPs),488,Transportation & Storm Water,Watershed CIP,,,Council District: Citywide; Community Plan: Clairemont Mesa,26150170,0,,,239639203,0,0,0,0,0,0
2018,Trans - Roadway,489,Transportation & Storm Water,Westerly Extension of Hazard Center Dr,,,Council District: 7; Community Plan: Mission Valley,1000000,0,,,0,0,0,0,0,0,0
