cip_year,project_type,source_page,department,project_name,start_year,end_year,previous_appropriations,project_total,year_2017,year_2018,year_2019,year_2020
2016,Love Field Major Maintenance,16,Aviation Facilities,Airport Perimeter Roads Rehabilitation Sections 1 & 2 (Construction),2017,2017,0,3500000,3500000,0,0,0
2016,Love Field Major Maintenance,16,Aviation Facilities,Airport Perimeter Roads Rehabilitation Sections 1 & 2 (Design),,,1000000,1000000,0,0,0,0
2016,Safety/Security,16,Aviation Facilities,ARFF Truck 2 Replacement,,,2396792,2396792,0,0,0,0
2016,Safety/Security,16,Aviation Facilities,ARFF Vehicle,,,1000000,1000000,0,0,0,0
2016,Aviation Land Acquisition,16,Aviation Facilities,Aviation Land Acquisition,,,19222844,19222844,0,0,0,0
2016,Parking,16,Aviation Facilities,Aviation Parking Garage,,,408145,408145,0,0,0,0
2016,Love Field Major Maintenance,16,Aviation Facilities,Aviation Project Contingency,2017,2017,0,1000000,1000000,0,0,0
2016,Parking,16,Aviation Facilities,Construct Taxicab Queuing Lot over Tom Braniff Channel (Construction),,,3684212,3684212,0,0,0,0
2016,Pavement Maintenance / Construction,16,Aviation Facilities,Conversion of Runway 18/36 to Taxiway,,,1000000,1000000,0,0,0,0
2016,Love Field Major Maintenance,16,Aviation Facilities,Crossfield Taxiway Reconfiguration (Environmental),2017,2017,0,150000,150000,0,0,0
2016,Pavement Maintenance / Construction,16,Aviation Facilities,Dallas Executive Airport Runway Replacement,,,5838793,5838793,0,0,0,0
2016,Love Field Major Maintenance,16,Aviation Facilities,Fiber Ring (Design),2017,2017,0,1000000,1000000,0,0,0
2016,Love Field Major Maintenance,17,Aviation Facilities,Fiber Ring (Environmental),2017,2017,0,150000,150000,0,0,0
2016,Pavement Maintenance / Construction,17,Aviation Facilities,Intersection of 18/36 Reconstruction and Rehabilitation,,,1102660,1102660,0,0,0,0
2016,Love Field Major Maintenance,17,Aviation Facilities,Love Field Modernization Program,,,3871302,3871302,0,0,0,0
2016,Pavement Maintenance / Construction,17,Aviation Facilities,Love Field Perimeter Rd. Rehab- Phase I,,,1395000,1395000,0,0,0,0
2016,Love Field Major Maintenance,17,Aviation Facilities,Miscellaneous Storm Drainage Improvements,,,1200000,1200000,0,0,0,0
2016,Parking,17,Aviation Facilities,Parking Garage Expansion,,,16738425,16738425,0,0,0,0
2016,Terminal,17,Aviation Facilities,Passenger Facility Charge Program,,,39176805,39176805,0,0,0,0
2016,Safety/Security,17,Aviation Facilities,Pavement Condition Analysis Equipment,,,1413226,1413226,0,0,0,0
2016,Safety/Security,17,Aviation Facilities,Police Hangar and Apron at Dallas Executive Airport,,,606813,606813,0,0,0,0
2016,Public Private Partnership,17,Aviation Facilities,Redbird Commemorative Air Force Project,,,2000000,2000000,0,0,0,0
2016,Love Field Major Maintenance,17,Aviation Facilities,Rehabilitate Taxiway B from B1 to B3 and Connectors B3 & B4 (Construction),,,619052,619052,0,0,0,0
2016,Love Field Major Maintenance,17,Aviation Facilities,Rehabilitate Taxiway B from Runway 13L to Runway 18-36,2017,2017,0,5300000,5300000,0,0,0
2016,Love Field Major Maintenance,18,Aviation Facilities,Rehabilitate Taxiway C from Taxiway D to Taxiway C2,2017,2017,0,1885085,1885085,0,0,0
2016,Safety/Security,18,Aviation Facilities,Relocate Runway 31R Glideslope,,,200000,200000,0,0,0,0
2016,Love Field Major Maintenance,18,Aviation Facilities,Runway 18-36 Conversion Phase 1 (Construction),,,1355948,1355948,0,0,0,0
2016,Safety/Security,18,Aviation Facilities,Runway Hold Position Relocation,,,3998904,3998904,0,0,0,0
2016,Safety/Security,18,Aviation Facilities,Security Controls Enhancements (Construction),,,2000000,2000000,0,0,0,0
2016,Pavement Maintenance / Construction,18,Aviation Facilities,Taxiway B Reconstruction and Rehabilitation,,,932560,932560,0,0,0,0
2016,Love Field Major Maintenance,18,Aviation Facilities,Taxiway M Extension (Environmental),2017,2017,0,150000,150000,0,0,0
2016,Safety/Security,18,Aviation Facilities,Wildlife Cameras,2017,2017,0,1000000,1000000,0,0,0
2016,Major Maintenance - City Facilities,23,City Facilities,Animal Shelter,,,193051,193051,0,0,0,0
2016,Land Acquisition,23,City Facilities,Cadillac Heights Land Acquisition,2017,2018,10194414,23743414,1000000,12549000,0,0
2016,Library Facilities,23,City Facilities,Central Library,,,517232,517232,0,0,0,0
2016,Library Facilities,23,City Facilities,Central Library- 7th Floor Renovation,,,5371034,5371034,0,0,0,0
2016,Professional Services and Debt Issuance,23,City Facilities,CIP Engineering,,,517910,517910,0,0,0,0
2016,City Facilities,23,City Facilities,City Facilities,2017,2017,8114571,11959571,3845000,0,0,0
2016,Studies and Master Plans,24,City Facilities,City Facility Condition Assessment,,,1942862,1942862,0,0,0,0
2016,City Facilities,24,City Facilities,City Facility Major Maintenance,,,3014104,3014104,0,0,0,0
2016,Major Maintenance - City Facilities,24,City Facilities,City Hall,,,7928193,7928193,0,0,0,0
2016,Major Maintenance - City Facilities,24,City Facilities,City Hall Data Center,,,10400000,10400000,0,0,0,0
2016,Fire Protection Facilities,24,City Facilities,Contingency Reserve,,,3730874,3730874,0,0,0,0
2016,Police Facilities,24,City Facilities,Contingency-Public Safety Facility Enhancements,,,28550,28550,0,0,0,0
2016,City Facilities,24,City Facilities,Contingency-Southeast Service Center,,,1545965,1545965,0,0,0,0
2016,Farmers Market Improvements,24,City Facilities,Farmers Market Improvements,,,6624027,6624027,0,0,0,0
2016,Farmers Market Improvements,25,City Facilities,Farmers Market Shed No. 2,,,3154400,3154400,0,0,0,0
2016,Major Maintenance - Public Safety,25,City Facilities,Fire Museum,,,64623,64623,0,0,0,0
2016,Major Maintenance - Public Safety,25,City Facilities,Fire Station #05 (N. St. Augustine at Bruton Rd.),,,60000,60000,0,0,0,0
2016,Fire Protection Facilities,25,City Facilities,Fire Station #06 (Harwood St. at Park Row Blvd),,,7276704,7276704,0,0,0,0
2016,Major Maintenance - Public Safety,25,City Facilities,Fire Station #07 (Davenport Rd. at Preston Rd.),,,65000,65000,0,0,0,0
2016,Major Maintenance - Public Safety,25,City Facilities,Fire Station #12-Roof Repair,,,60532,60532,0,0,0,0
2016,Fire Protection Facilities,25,City Facilities,Fire Station #27 (Douglas Ave. at NW Hwy.),,,8302551,8302551,0,0,0,0
2016,Roof Replacement,25,City Facilities,Fire Station #4,,,60000,60000,0,0,0,0
2016,Fire Protection Facilities,25,City Facilities,Fire Station #44 (Frank St. at Lagow St.),,,6189237,6189237,0,0,0,0
2016,Major Maintenance - Public Safety,25,City Facilities,Fire Station #49 (S. Hampton Rd at Challenger),,,50000,50000,0,0,0,0
2016,Environmental,25,City Facilities,Fire Station #7- Environmental Noise Assessment,,,102577,102577,0,0,0,0
2016,Major Maintenance - Public Safety,25,City Facilities,Fire Station Roof Abatement,,,1120000,1120000,0,0,0,0
2016,Major Maintenance - Public Safety,26,City Facilities,Fire Station Trench Drain Repairs,,,151430,151430,0,0,0,0
2016,Fire Protection Facilities,26,City Facilities,Fire Stations,,,2452230,2452230,0,0,0,0
2016,Fire Protection Facilities,26,City Facilities,Fire Training Facility Auditorium,,,46000,46000,0,0,0,0
2016,Library Facilities,26,City Facilities,Fretz Park Branch Library,,,6532269,6532269,0,0,0,0
2016,City Facilities,26,City Facilities,General Capital Reserve Payment for Madill Corridor Easement from Dallas Water Utilities,2017,2019,155000,620000,155000,155000,155000,0
2016,Professional Services and Debt Issuance,26,City Facilities,General Capital Reserve Transfer to Capital Construction,2017,2017,19591000,23436000,3845000,0,0,0
2016,Major Maintenance - Public Safety,26,City Facilities,Jack Evans DPD Headquarters,,,230000,230000,0,0,0,0
2016,Major Maintenance - Public Safety,26,City Facilities,Jack Evans Police HQ-Pedestrian Bridge Stair Replacement,,,51628,51628,0,0,0,0
2016,Police Facilities,26,City Facilities,Jack Evans Police HQ-Physical Security Enhancements,,,173118,173118,0,0,0,0
2016,Administrative and Internal Service Facilities,26,City Facilities,Muchert Center Renovations,,,4785000,4785000,0,0,0,0
2016,Police Facilities,27,City Facilities,Police Academy,,,1749670,1749670,0,0,0,0
2016,Police Facilities,27,City Facilities,Police Academy - Phase I,,,6228775,6228775,0,0,0,0
2016,Major Maintenance - Public Safety,27,City Facilities,Police Facilities,,,320000,320000,0,0,0,0
2016,Police Facilities,27,City Facilities,Police Motorcycle AST Fueling Location,,,78856,78856,0,0,0,0
2016,Major Maintenance - Public Safety,27,City Facilities,Police Substation - Northwest,,,124270,124270,0,0,0,0
2016,Major Maintenance - Public Safety,27,City Facilities,Police Substation - Southeast,,,403366,403366,0,0,0,0
2016,Major Maintenance - Library,27,City Facilities,Prairie Creek Branch Library Lighting,,,51099,51099,0,0,0,0
2016,Public Art,27,City Facilities,Public Art Administration,,,1677196,1677196,0,0,0,0
2016,Public Art,28,City Facilities,Public Art Projects,,,4589532,4589532,0,0,0,0
2016,Environmental,29,City Facilities,Solar Project-Police NE and SE Substations,,,250000,250000,0,0,0,0
2016,Police Facilities,29,City Facilities,South Central Police Substation Parking Expansion,,,690193,690193,0,0,0,0
2016,City Facilities,29,City Facilities,Southeast Service Center,,,8071776,8071776,0,0,0,0
2016,Environmental,29,City Facilities,Underground Storage Tank Removal,,,600000,600000,0,0,0,0
2016,Convention Center Improvements,33,Convention And Event Services Facilities Improvements,Ballroom A Electrical Upgrade Project,2017,2017,0,2000000,2000000,0,0,0
2016,Convention Center Improvements,33,Convention And Event Services Facilities Improvements,Civic Center Convention Complex Improvements,,,21252873,21252873,0,0,0,0
2016,Convention Center Improvements,33,Convention And Event Services Facilities Improvements,Convention Center Facility Improvements,2017,2017,0,7300000,7300000,0,0,0
2016,Convention Center Improvements,33,Convention And Event Services Facilities Improvements,Convention Facility Audio System Upgrade Project,2017,2019,0,3100000,1200000,950000,950000,0
2016,Convention Center Improvements,33,Convention And Event Services Facilities Improvements,Convention Facility Elevator/Escalator Improvement Project,2017,2019,0,3358334,1125000,1116667,1116667,0
2016,Convention Center Improvements,33,Convention And Event Services Facilities Improvements,Convention Facility Security System Upgrade Project,2017,2017,0,2250000,2250000,0,0,0
2016,Convention Center Improvements,33,Convention And Event Services Facilities Improvements,Convention Facility Wayfinding Project,2017,2017,0,725000,725000,0,0,0
2016,Convention Center Improvements,33,Convention And Event Services Facilities Improvements,Dallas Convention Center Capital Improvement Program,,,24922123,24922123,0,0,0,0
2016,Convention Center Improvements,33,Convention And Event Services Facilities Improvements,DCC Upper Level D,,,15920373,15920373,0,0,0,0
2016,Convention Center Improvements,33,Convention And Event Services Facilities Improvements,Kitchen Improvement Project,,,2000000,2000000,0,0,0,0
2016,Convention Center Improvements,33,Convention And Event Services Facilities Improvements,Stage Riser Equipment Upgrade Project,,,1153260,1153260,0,0,0,0
2016,Cultural Facilities,38,Cultural Facilities,Arts Incubator,,,1039401,1039401,0,0,0,0
2016,Major Maintenance - Cultural Facilities,38,Cultural Facilities,Dallas Museum of Art,,,3431138,3431138,0,0,0,0
2016,Major Maintenance - Cultural Facilities,38,Cultural Facilities,Dallas Museum of Natural History,,,1909571,1909571,0,0,0,0
2016,Major Maintenance - Cultural Facilities,38,Cultural Facilities,Dallas Theater Center,,,1314095,1314095,0,0,0,0
2016,Cultural Facilities,38,Cultural Facilities,Latino Cultural Center,,,500000,500000,0,0,0,0
2016,Cultural Facilities,38,Cultural Facilities,Latino Cultural Center - Phase II,,,4398100,4398100,0,0,0,0
2016,Major Maintenance - Cultural Facilities,38,Cultural Facilities,Major Maintenance of City-owned Arts & Cultural Facilities,2017,2017,0,600000,600000,0,0,0
2016,Major Maintenance - Cultural Facilities,39,Cultural Facilities,Major Maintenance of Non-City- Owned Cultural Facilities,2017,2017,0,400000,400000,0,0,0
2016,Major Maintenance - Cultural Facilities,39,Cultural Facilities,Morton H. Meyerson Symphony Center,,,900000,900000,0,0,0,0
2016,Downtown Connection Tax Increment Financing District,47,Cultural Facilities,1600 Pacific Building Redevelopment,,,9230400,9230400,0,0,0,0
2016,Public Private Partnership,47,Cultural Facilities,2012 Bond Program-Economic Development Projects,,,250000,250000,0,0,0,0
2016,Economic and Business Development,47,Cultural Facilities,Bonnieview/Langdon- Water and Sewer Improvements,,,1222527,1222527,0,0,0,0
2016,Cedars Tax Increment Financing District,47,Cultural Facilities,Cedars TIF Public Improvements,2017,2017,2570803,3477302,906499,0,0,0
2016,Cedars Tax Increment Financing District,47,Cultural Facilities,Cedars TIF Administration,,,859175,859175,0,0,0,0
2016,Economic and Business Development,47,Cultural Facilities,Chapter 380 Grants- Various Projects,,,100000,100000,0,0,0,0
2016,City Center Tax Increment Financing District,47,Cultural Facilities,City Center TIF,2017,2017,41023540,46358605,5335065,0,0,0
2016,Cityplace Tax Increment Financing District,48,Cultural Facilities,Cityplace TIF,,,1487267,1487267,0,0,0,0
2016,Downtown Connection Tax Increment Financing District,48,Cultural Facilities,Continental Building Redevelopment Project,,,3700000,3700000,0,0,0,0
2016,Cypress Waters Tax Increment Financing District,48,Cultural Facilities,Cypress Waters,2017,2017,1912562,3540130,1627568,0,0,0
2016,Public Private Partnership,48,Cultural Facilities,Dallas Eco-Business Park (McCommas),,,2175230,2175230,0,0,0,0
2016,Davis Garden Tax Increment Financing District,48,Cultural Facilities,Davis Garden TIF,2017,2017,1806862,2498146,691284,0,0,0
2016,Deep Ellum Tax Increment Financing District,48,Cultural Facilities,Deep Ellum TIF,2017,2017,3106330,4588359,1482029,0,0,0
2016,Design District Tax Increment Financing District,48,Cultural Facilities,Design District TIF,2017,2017,7556449,10734279,3177830,0,0,0
2016,Downtown Connection Tax Increment Financing District,49,Cultural Facilities,Downtown Connection TIF,2017,2017,23381278,25635700,2254422,0,0,0
2016,Infrastructure Support,49,Cultural Facilities,Economic Development,,,13747995,13747995,0,0,0,0
2016,Economic and Business Development,49,Cultural Facilities,Economic Development and Housing Demand Driven Projects,,,24486952,24486952,0,0,0,0
2016,Public Private Partnership,49,Cultural Facilities,Economic Redevelopment,,,2556194,2556194,0,0,0,0
2016,City Center Tax Increment Financing District,49,Cultural Facilities,Elm St. Fire Corridor,,,198000,198000,0,0,0,0
2016,Farmers Market Tax Increment Financing District,49,Cultural Facilities,Farmers Market Tax Increment,,,588383,588383,0,0,0,0
2016,Farmers Market Tax Increment Financing District,49,Cultural Facilities,Farmers Market TIF Administration,,,773890,773890,0,0,0,0
2016,Farmers Market Tax Increment Financing District,49,Cultural Facilities,Farmers Market TIF Miscellaneous/Professional Services,,,50000,50000,0,0,0,0
2016,Farmers Market Tax Increment Financing District,49,Cultural Facilities,Farmers Market TIF Public Improvement,2017,2017,1925761,3735727,1809966,0,0,0
2016,Fort Worth Ave Tax Increment Financing District,49,Cultural Facilities,Fort Worth Ave TIF,2017,2017,1564900,2660379,1095479,0,0,0
2016,Grand Park South Tax Increment Financing District,50,Cultural Facilities,Grand Park South,2017,2017,329395,447657,118262,0,0,0
2016,Housing Infrastructure Improvements,50,Cultural Facilities,Heros House,,,450000,450000,0,0,0,0
2016,Acquisition and Demolition,50,Cultural Facilities,Housing,,,16703770,16703770,0,0,0,0
2016,Housing Infrastructure Improvements,50,Cultural Facilities,Housing Demand Driven Projects,,,10066520,10066520,0,0,0,0
2016,Public Private Partnership,50,Cultural Facilities,Inland Port,,,1807500,1807500,0,0,0,0
2016,Affordable Housing,50,Cultural Facilities,Land Acquisition for development of low/mod Income Owner-Occupied Single Family Homes,,,3030000,3030000,0,0,0,0
2016,Housing Infrastructure Improvements,50,Cultural Facilities,Malcolm X Boulevard Housing Project,,,1500000,1500000,0,0,0,0
2016,Economic and Business Development,50,Cultural Facilities,Mall Area Redevelopment,2017,2017,0,81470,81470,0,0,0
2016,Maple/Mockingbird Tax Increment Financing District,50,Cultural Facilities,Maple/Mockingbird TIF,2017,2017,1882359,4114711,2232352,0,0,0
2016,Infrastructure Support,51,Cultural Facilities,Marsalis,,,2200000,2200000,0,0,0,0
2016,Downtown Connection Tax Increment Financing District,51,Cultural Facilities,Mercantile Building Redevelopment,,,100000,100000,0,0,0,0
2016,Public Private Partnership,51,Cultural Facilities,Miscellaneous Economic Redevelopment Area Wide,,,52565528,52565528,0,0,0,0
2016,Public Private Partnership,51,Cultural Facilities,Mountain Creek Industrial Business Park,,,5959428,5959428,0,0,0,0
2016,Public Private Partnership,51,Cultural Facilities,Neighborhood Street Assessment Program,,,50000,50000,0,0,0,0
2016,Public Private Partnership,51,Cultural Facilities,North Parking Garage Project,,,8559886,8559886,0,0,0,0
2016,Oak Cliff Gateway Tax Increment Financing District,51,Cultural Facilities,Oak Cliff Gateway Public Improvements,2017,2017,2890832,4655624,1764792,0,0,0
2016,Oak Cliff Gateway Tax Increment Financing District,51,Cultural Facilities,Oak Cliff Gateway TIF Administration,,,840722,840722,0,0,0,0
2016,Cedars Tax Increment Financing District,51,Cultural Facilities,Plaza Hotel Project,,,886089,886089,0,0,0,0
2016,Public Private Partnership,52,Cultural Facilities,Public Private Economic Development Infrastructure (PILOT),2017,2017,23195832,37195832,14000000,0,0,0
2016,Public Private Partnership,52,Cultural Facilities,Public Private Infrastructure Cost Participation,,,3582988,3582988,0,0,0,0
2016,Public Private Partnership,52,Cultural Facilities,Public Private Partnership,,,1000000,1000000,0,0,0,0
2016,Public Private Partnership,52,Cultural Facilities,SD Adaptive Reuse Program,,,150000,150000,0,0,0,0
2016,Skillman Corridor Tax Increment Financing District,52,Cultural Facilities,Skillman Corridor TIF,2017,2017,2814639,5553346,2738707,0,0,0
2016,Public Private Partnership,52,Cultural Facilities,Small Business Façade,,,100000,100000,0,0,0,0
2016,Public Private Partnership,52,Cultural Facilities,Southern Sector,,,200000,200000,0,0,0,0
2016,Southwestern Medical Tax Increment Financing District,52,Cultural Facilities,Southwestern Medical TIF,2017,2017,4351662,5493949,1142287,0,0,0
2016,Sports Arena Tax Increment Financing District,52,Cultural Facilities,Sports Arena TIF,2017,2017,8290720,13863146,5572426,0,0,0
2016,Public Private Partnership,53,Cultural Facilities,The Canyon Project,,,4480990,4480990,0,0,0,0
2016,TOD Tax Increment Financing District,53,Cultural Facilities,Transit Oriented TIF,2017,2017,3434858,5784079,2349221,0,0,0
2016,Sports Arena Tax Increment Financing District,53,Cultural Facilities,Trinity Groves Improvement,,,3505000,3505000,0,0,0,0
2016,Design District Tax Increment Financing District,53,Cultural Facilities,Turtle Creek Median Improvements,,,116356,116356,0,0,0,0
2016,Vickery Meadow Tax Increment Financing District,53,Cultural Facilities,Vickery Meadow TIF,2017,2017,8489251,9334533,845282,0,0,0
2016,Housing Infrastructure Improvements,53,Cultural Facilities,West Dallas - Singleton Blvd.,,,1275000,1275000,0,0,0,0
2016,Oak Cliff Gateway Tax Increment Financing District,54,Cultural Facilities,Zang Triangle at 1335 N. Zang,,,6739765,6739765,0,0,0,0
2016,Technology,59,Cultural Facilities,311 Voice Recognition System Upgrade,,,817156,817156,0,0,0,0
2016,Technology,59,Cultural Facilities,Central Business District Camera System,2017,2017,0,1550060,1550060,0,0,0
2016,Technology,59,Cultural Facilities,Citywide IT Improvements,2017,2017,900000,2350000,1450000,0,0,0
2016,Fleet Replacement - Public Safety,59,Cultural Facilities,Dallas Fire-Rescue,2017,2017,10389715,18887836,8498121,0,0,0
2016,Technology,59,Cultural Facilities,Dallas Police Department,2017,2017,2540000,6417500,3877500,0,0,0
2016,Fleet Replacement,59,Cultural Facilities,Equipment and Building Services,2017,2017,7250163,11216433,3966270,0,0,0
2016,Technology,59,Cultural Facilities,Financial Development Software,,,1648374,1648374,0,0,0,0
2016,Technology,59,Cultural Facilities,IT Network Equipment Refresh (Phase I),2017,2017,0,2633464,2633464,0,0,0
2016,Fleet Replacement - Sanitation,59,Cultural Facilities,Sanitation,2017,2017,8102966,16127551,8024585,0,0,0
2016,Fleet Replacement - Sanitation,60,Cultural Facilities,Sanitation - Fleet Replacement,,,3985000,3985000,0,0,0,0
2016,Erosion Control,64,Flood Protection And Storm Drainage,Abrams Road Bridge- Hike & Bike Trail,,,8940,8940,0,0,0,0
2016,Erosion Control,64,Flood Protection And Storm Drainage,Anderson Bonner Park Site 1- Hike & Bike Trail (WRC 164),,,34761,34761,0,0,0,0
2016,Flood Management,64,Flood Protection And Storm Drainage,Ash Creek - S. Fork,,,3952069,3952069,0,0,0,0
2016,Storm Drainage Relief System,64,Flood Protection And Storm Drainage,Ash Creek Estates at Meadow Way,,,633949,633949,0,0,0,0
2016,Erosion Control,64,Flood Protection And Storm Drainage,Audelia 11601 (Audelia Branch,,,92655,92655,0,0,0,0
2016,Flood Management,64,Flood Protection And Storm Drainage,Bahama Drive Relief System,,,597000,597000,0,0,0,0
2016,Erosion Control,64,Flood Protection And Storm Drainage,Bainbridge 2733,,,10734,10734,0,0,0,0
2016,Erosion Control,64,Flood Protection And Storm Drainage,Beechmont Dr. 2507,,,8569,8569,0,0,0,0
2016,Erosion Control,64,Flood Protection And Storm Drainage,Blackstone 2709,,,15945,15945,0,0,0,0
2016,Erosion Control,64,Flood Protection And Storm Drainage,Blackstone 2729,,,18005,18005,0,0,0,0
2016,Erosion Control,64,Flood Protection And Storm Drainage,Blackstone 2745,,,17603,17603,0,0,0,0
2016,Erosion Control,65,Flood Protection And Storm Drainage,Blue Ridge 3721,,,21275,21275,0,0,0,0
2016,Erosion Control,65,Flood Protection And Storm Drainage,Burninglog 13156,,,10290,10290,0,0,0,0
2016,Erosion Control,65,Flood Protection And Storm Drainage,Caracas 5410 and 5416,,,32264,32264,0,0,0,0
2016,Erosion Control,65,Flood Protection And Storm Drainage,Cavender 445,,,13785,13785,0,0,0,0
2016,Erosion Control,65,Flood Protection And Storm Drainage,Cedar Springs 5910,,,26790,26790,0,0,0,0
2016,Erosion Control,65,Flood Protection And Storm Drainage,Church Road 9233,,,17283,17283,0,0,0,0
2016,Erosion Control,65,Flood Protection And Storm Drainage,Clarendon 3435,,,20490,20490,0,0,0,0
2016,Erosion Control,65,Flood Protection And Storm Drainage,Clubhouse Circle 6523 and 6527,,,15186,15186,0,0,0,0
2016,Erosion Control,65,Flood Protection And Storm Drainage,Colorado (W) 705,,,13565,13565,0,0,0,0
2016,Storm Drainage Relief System,65,Flood Protection And Storm Drainage,Conrad 216,,,88321,88321,0,0,0,0
2016,Erosion Control,65,Flood Protection And Storm Drainage,Country Brook Pond between Park Grove Ln and Quail Hollow Rd,,,15157,15157,0,0,0,0
2016,Erosion Control,65,Flood Protection And Storm Drainage,Deep Hill Circle 2671 2675 2679 2683,,,77992,77992,0,0,0,0
2016,Erosion Control,66,Flood Protection And Storm Drainage,Dixon Branch at Easton Road,,,28546,28546,0,0,0,0
2016,Flood Management,66,Flood Protection And Storm Drainage,Elmwood Branch Bridge at Franklin,,,1275808,1275808,0,0,0,0
2016,Erosion Control,66,Flood Protection And Storm Drainage,Fair Oaks Crossing 8201,,,29735,29735,0,0,0,0
2016,Erosion Control,66,Flood Protection And Storm Drainage,Fair Oaks Crossing 8849,,,44464,44464,0,0,0,0
2016,Erosion Control,66,Flood Protection And Storm Drainage,Five Mile Pkwy W. 922,,,33360,33360,0,0,0,0
2016,Flood Management,66,Flood Protection And Storm Drainage,Glen Oaks 326,,,193998,193998,0,0,0,0
2016,Erosion Control,66,Flood Protection And Storm Drainage,Glen Oaks 816,,,20565,20565,0,0,0,0
2016,Erosion Control,66,Flood Protection And Storm Drainage,Glendale Park Site 1- Pavilion,,,10290,10290,0,0,0,0
2016,Erosion Control,66,Flood Protection And Storm Drainage,Glendale Park Site 3- S. of footbridge,,,5145,5145,0,0,0,0
2016,Erosion Control,66,Flood Protection And Storm Drainage,Glendale Park Site 4- N. of footbridge,,,5145,5145,0,0,0,0
2016,Erosion Control,66,Flood Protection And Storm Drainage,Green Oaks Circle 9032,,,1750,1750,0,0,0,0
2016,Erosion Control,66,Flood Protection And Storm Drainage,Greenville Avenue 9320/Vista View 8915,,,29655,29655,0,0,0,0
2016,Erosion Control,67,Flood Protection And Storm Drainage,Hampton Road (S) 3817,,,43817,43817,0,0,0,0
2016,Erosion Control,67,Flood Protection And Storm Drainage,Harry Moss Park Site 1- S. of pedestrian bridge,,,8550,8550,0,0,0,0
2016,Erosion Control,67,Flood Protection And Storm Drainage,Healey 2116 and Kingsman 9869,,,20642,20642,0,0,0,0
2016,Flood Management,67,Flood Protection And Storm Drainage,Inland Port Area,,,5313244,5313244,0,0,0,0
2016,Erosion Control,67,Flood Protection And Storm Drainage,Kalani 6323,,,11865,11865,0,0,0,0
2016,Erosion Control,67,Flood Protection And Storm Drainage,Kiesthill Drive 3431,,,22570,22570,0,0,0,0
2016,Erosion Control,67,Flood Protection And Storm Drainage,Kildare 4927,,,12855,12855,0,0,0,0
2016,Erosion Control,67,Flood Protection And Storm Drainage,Kiltartan 1511,,,31718,31718,0,0,0,0
2016,Erosion Control,67,Flood Protection And Storm Drainage,Kiowa Parkway Hike and Bike Trail,,,12294,12294,0,0,0,0
2016,Erosion Control,67,Flood Protection And Storm Drainage,Lanett Circle N. 10741,,,25266,25266,0,0,0,0
2016,Erosion Control,67,Flood Protection And Storm Drainage,Langdale Circle 8668 and 8656,,,38996,38996,0,0,0,0
2016,Flood Management,67,Flood Protection And Storm Drainage,Levee Drainage System,,,72214474,72214474,0,0,0,0
2016,Flood Management,68,Flood Protection And Storm Drainage,Levee Drainage System- Sump A (Able Pump Station),,,93222025,93222025,0,0,0,0
2016,Flood Management,68,Flood Protection And Storm Drainage,Levee Peer Review,,,1184993,1184993,0,0,0,0
2016,Erosion Control,68,Flood Protection And Storm Drainage,Lyre Lane 6909 and Chantilly Court,,,11849,11849,0,0,0,0
2016,Erosion Control,68,Flood Protection And Storm Drainage,Martin Weiss Park Site 1- Pavilion,,,10290,10290,0,0,0,0
2016,Erosion Control,68,Flood Protection And Storm Drainage,Martin Weiss Park Site 3- Pedestrian Bridge,,,5235,5235,0,0,0,0
2016,Flood Management,68,Flood Protection And Storm Drainage,McCree Branch,,,1296174,1296174,0,0,0,0
2016,Erosion Control,68,Flood Protection And Storm Drainage,Mercedes 6607 6615 6621,,,26008,26008,0,0,0,0
2016,Storm Drainage Relief System,68,Flood Protection And Storm Drainage,Mercedes Ave. 5500 Blk at Worcola,,,102104,102104,0,0,0,0
2016,Storm Drainage Relief System,68,Flood Protection And Storm Drainage,Middle Peaks Branch - Phase I,,,52553585,52553585,0,0,0,0
2016,Storm Drainage Relief System,68,Flood Protection And Storm Drainage,Middle Peaks Branch - Phase II,,,1819196,1819196,0,0,0,0
2016,Storm Drainage Relief System,69,Flood Protection And Storm Drainage,Mill Creek Drainage Relief System,,,18318796,18318796,0,0,0,0
2016,Flood Management,69,Flood Protection And Storm Drainage,Mill Creek Peaks Branch and State Thomas,,,218600000,218600000,0,0,0,0
2016,Flood Management,69,Flood Protection And Storm Drainage,Mockingbird Ln from Maple Ave to Forest Park Blvd,,,2371245,2371245,0,0,0,0
2016,Storm Drainage Relief System,69,Flood Protection And Storm Drainage,Non-Structural Flood Management Projects,,,300000,300000,0,0,0,0
2016,Erosion Control,69,Flood Protection And Storm Drainage,Pagewood 10553,,,4455,4455,0,0,0,0
2016,Storm Drainage Relief System,69,Flood Protection And Storm Drainage,Peavy at Galway,,,1148323,1148323,0,0,0,0
2016,Erosion Control,69,Flood Protection And Storm Drainage,Rocky Branch @ Middle Downs Sites 1 2 3 4,,,99945,99945,0,0,0,0
2016,Erosion Control,69,Flood Protection And Storm Drainage,Rosemont Rd. 7322,,,17145,17145,0,0,0,0
2016,Erosion Control,69,Flood Protection And Storm Drainage,Royal Lane 7832 and 7920,,,70432,70432,0,0,0,0
2016,Erosion Control,69,Flood Protection And Storm Drainage,Royal Lane 9750 (Jackson Branch- E. Bank downstream of Royal Bridge),,,38910,38910,0,0,0,0
2016,Erosion Control,69,Flood Protection And Storm Drainage,Skillman 7920 (Jackson Branch- E. Bank downstream of Skillman Br),,,65245,65245,0,0,0,0
2016,Erosion Control,70,Flood Protection And Storm Drainage,Skillman 8109,,,24510,24510,0,0,0,0
2016,Erosion Control,70,Flood Protection And Storm Drainage,Sperry St. 3220,,,13991,13991,0,0,0,0
2016,Erosion Control,70,Flood Protection And Storm Drainage,Spring Grove 13316,,,14715,14715,0,0,0,0
2016,Erosion Control,70,Flood Protection And Storm Drainage,Spring Valley 8444,,,44565,44565,0,0,0,0
2016,Erosion Control,70,Flood Protection And Storm Drainage,Springwater 9204 9210 9216,,,50240,50240,0,0,0,0
2016,Erosion Control,70,Flood Protection And Storm Drainage,Squaw Valley 17628,,,15951,15951,0,0,0,0
2016,Storm Drainage Relief System,70,Flood Protection And Storm Drainage,State-Thomas,,,5246550,5246550,0,0,0,0
2016,Storm Drainage Relief System,70,Flood Protection And Storm Drainage,State-Thomas at Woodall Rodgers,,,16688554,16688554,0,0,0,0
2016,Flood Management,70,Flood Protection And Storm Drainage,Storm Water Drainage Management Capital Improvement Projects,2017,2017,16685505,23685505,7000000,0,0,0
2016,Erosion Control,70,Flood Protection And Storm Drainage,Summer Creek Circle 6121 6123 6125 6127 6139 6141,,,65130,65130,0,0,0,0
2016,Erosion Control,70,Flood Protection And Storm Drainage,Sunland Street 11825,,,12820,12820,0,0,0,0
2016,Erosion Control,71,Flood Protection And Storm Drainage,Tamarack 1745 1739 1751,,,308500,308500,0,0,0,0
2016,Erosion Control,71,Flood Protection And Storm Drainage,Tranquilla Dr. 1251,,,14565,14565,0,0,0,0
2016,Erosion Control,71,Flood Protection And Storm Drainage,Turtle Creek Greenbelt Site 1- Bike Trail,,,33420,33420,0,0,0,0
2016,Erosion Control,71,Flood Protection And Storm Drainage,Twin Creek 9726,,,18008,18008,0,0,0,0
2016,Erosion Control,71,Flood Protection And Storm Drainage,Twin Falls Park Trail,,,38565,38565,0,0,0,0
2016,Storm Drainage Relief System,71,Flood Protection And Storm Drainage,West Dallas,,,7610987,7610987,0,0,0,0
2016,Erosion Control,71,Flood Protection And Storm Drainage,Whitehurst 9727 (Jackson Branch- E. Bank upstream of Whitehurst Br),,,51885,51885,0,0,0,0
2016,Erosion Control,71,Flood Protection And Storm Drainage,Whitehurst 9730 (Audelia Branch- W. Bank downstream of Whitehurst),,,66855,66855,0,0,0,0
2016,Erosion Control,71,Flood Protection And Storm Drainage,Wild Oak 2488,,,22245,22245,0,0,0,0
2016,Storm Drainage Relief System,71,Flood Protection And Storm Drainage,Winnetka (N),,,36689,36689,0,0,0,0
2016,Storm Drainage Relief System,71,Flood Protection And Storm Drainage,Yewpon- Kingsley Area,,,281960,281960,0,0,0,0
2016,Code Compliance Safety and Security,79,Park And Recreation,Accessibility and Code Compliance Improvements at Various Facilities,,,1454224,1454224,0,0,0,0
2016,Aquatic Facilities,79,Park And Recreation,Aquatic Facilities with Support Buildings,2017,2017,3307500,31894968,28587468,0,0,0
2016,Major Maintenance - Park Facilities,79,Park And Recreation,Arlington Recreation Center,,,1029519,1029519,0,0,0,0
2016,Major Park Facilities,79,Park And Recreation,Athletic Field Lighting- Various Locations,,,1195136,1195136,0,0,0,0
2016,Recreation Facilities and Site Development,79,Park And Recreation,Bachman Lake Site Development,,,2188439,2188439,0,0,0,0
2016,Major Maintenance - Park Facilities,79,Park And Recreation,Bachman Recreation Center,,,1969105,1969105,0,0,0,0
2016,Neighborhood Park Facilities,80,Park And Recreation,Beckley Saner- Sprayground,,,1031174,1031174,0,0,0,0
2016,Community Parks,80,Park And Recreation,Buckner Site Acquisition,,,1119294,1119294,0,0,0,0
2016,Park Land Acquisition,80,Park And Recreation,Chalk Hill Trail Land Acquisition,,,2884369,2884369,0,0,0,0
2016,Code Compliance Safety and Security,80,Park And Recreation,Citywide Security Lighting,,,1012798,1012798,0,0,0,0
2016,Aquatic Facilities,80,Park And Recreation,Community Pool Enhancements,,,1355242,1355242,0,0,0,0
2016,Citywide Parks,82,Park And Recreation,Contract Management Assessment,,,3220634,3220634,0,0,0,0
2016,Recreation Facilities and Site Development,82,Park And Recreation,Crawford Memorial Master Plan and Design,,,1382958,1382958,0,0,0,0
2016,Dallas Arboretum,82,Park And Recreation,Dallas Arboretum Parking,,,7600000,7600000,0,0,0,0
2016,Special Use Areas,82,Park And Recreation,Dallas Arboretum Site Development,,,1522134,1522134,0,0,0,0
2016,Major Maintenance - Park Facilities,82,Park And Recreation,Dallas Zoo,,,170019,170019,0,0,0,0
2016,Recreation Facilities and Site Development,82,Park And Recreation,Dickerson Street Development,,,1035110,1035110,0,0,0,0
2016,Administrative and Internal Service Facilities,82,Park And Recreation,District 2 Service Center- 1400 Guard Drive,,,2602099,2602099,0,0,0,0
2016,Major Park Facilities,82,Park And Recreation,Downtown Parks Development,2017,2017,2579172,3295867,716695,0,0,0
2016,Regional Parks,83,Park And Recreation,Elm Fork Athletic Complex,,,2856905,2856905,0,0,0,0
2016,Major Park Facilities,83,Park And Recreation,Elm Fork Greenbelt,,,140400,140400,0,0,0,0
2016,Major Park Facilities,83,Park And Recreation,Elm Fork Soccer Complex Phase I Construction,,,10653667,10653667,0,0,0,0
2016,Major Maintenance - Park Facilities,83,Park And Recreation,Eloise Lundy Recreation Center,,,530750,530750,0,0,0,0
2016,Environmental,83,Park And Recreation,Environmental Conservation,,,1490555,1490555,0,0,0,0
2016,Fair Park,83,Park And Recreation,Fair Park,,,13314955,13314955,0,0,0,0
2016,Major Maintenance - Park Facilities,83,Park And Recreation,Fireside Recreation Center,,,34118,34118,0,0,0,0
2016,Trail Development,83,Park And Recreation,Five Mile Creek Trail,,,2195250,2195250,0,0,0,0
2016,Land Acquisition,84,Park And Recreation,Forest/Audelia Area Park Project,,,3840339,3840339,0,0,0,0
2016,Recreation Facilities and Site Development,84,Park And Recreation,Freedman's Memorial Cemetery Improvements,,,127019,127019,0,0,0,0
2016,Recreation Facilities and Site Development,84,Park And Recreation,Fretz Park Recreation Center,,,348520,348520,0,0,0,0
2016,Recreation Facilities and Site Development,84,Park And Recreation,Garrett Site Improvements,,,400000,400000,0,0,0,0
2016,Recreation Facilities and Site Development,84,Park And Recreation,Glencoe Pavillion,,,256913,256913,0,0,0,0
2016,Citywide Parks,84,Park And Recreation,Grant Matching Funds-Park & Trail Projects,,,868330,868330,0,0,0,0
2016,Recreation Facilities and Site Development,84,Park And Recreation,Hamilton Open-air Gym/Parking/Pavillion,,,370194,370194,0,0,0,0
2016,Studies and Master Plans,84,Park And Recreation,Janie C. Turner Recreation Center,,,341699,341699,0,0,0,0
2016,Recreation Facilities and Site Development,85,Park And Recreation,K. B. Polk Land Acquisition and Parking Improvements,,,531986,531986,0,0,0,0
2016,Recreation Facilities and Site Development,85,Park And Recreation,Katy Trail,,,536485,536485,0,0,0,0
2016,Recreation Facilities and Site Development,85,Park And Recreation,Kidd Springs Recreation Center,,,2663274,2663274,0,0,0,0
2016,Recreation Facilities and Site Development,85,Park And Recreation,Kidd Springs Walkways,,,117606,117606,0,0,0,0
2016,Trail Development,85,Park And Recreation,Kiestwood Trail Amenities,,,222804,222804,0,0,0,0
2016,Major Maintenance - Park Facilities,85,Park And Recreation,Kleberg Rylie Recreation Center,,,23900,23900,0,0,0,0
2016,Trail Development,85,Park And Recreation,Lake Highlands Trail (Ferndale to Lake Highlands High School),,,167480,167480,0,0,0,0
2016,Recreation Facilities and Site Development,85,Park And Recreation,Lakeland Hills,,,505772,505772,0,0,0,0
2016,Park Land Acquisition,85,Park And Recreation,Land Acquisition,,,5207897,5207897,0,0,0,0
2016,Citywide Parks,86,Park And Recreation,Land Acquisition and Planning,,,1116306,1116306,0,0,0,0
2016,Administrative and Internal Service Facilities,86,Park And Recreation,Luna Vista Service Center,,,1280766,1280766,0,0,0,0
2016,Recreation Facilities and Site Development,86,Park And Recreation,Main Street Garden Playground Replacement,,,253455,253455,0,0,0,0
2016,Major Maintenance - Park Facilities,86,Park And Recreation,Marcus Recreation Center,,,300330,300330,0,0,0,0
2016,Major Maintenance - Park Facilities,86,Park And Recreation,Martin Weiss Recreation Center,,,300000,300000,0,0,0,0
2016,Trail Development,86,Park And Recreation,Northaven Trail (Valley Dale to Preston),,,1551887,1551887,0,0,0,0
2016,Park Land Acquisition,86,Park And Recreation,Park District 6 Service Center- Land Acquisition,,,3716574,3716574,0,0,0,0
2016,Administrative and Internal Service Facilities,86,Park And Recreation,Park Service Center Replacement,,,442782,442782,0,0,0,0
2016,Recreation Facilities and Site Development,87,Park And Recreation,Park Signage,,,886500,886500,0,0,0,0
2016,Recreation Facilities and Site Development,87,Park And Recreation,Pike Master Plan and Schematic,,,100479,100479,0,0,0,0
2016,Recreation Facilities and Site Development,87,Park And Recreation,Pleasant Oaks Recreation Center Renovation,,,2237473,2237473,0,0,0,0
2016,Recreation Facilities and Site Development,87,Park And Recreation,Reverchon Master Plan Implementation,,,648314,648314,0,0,0,0
2016,Recreation Facilities and Site Development,87,Park And Recreation,Robert E. Lee Croquet Courts Restoration,,,418653,418653,0,0,0,0
2016,Code Compliance Safety and Security,87,Park And Recreation,Security Cameras,,,637050,637050,0,0,0,0
2016,Historic Preservation,87,Park And Recreation,Sharrock- Niblo Structure Stabilizaion,,,383927,383927,0,0,0,0
2016,Major Maintenance - Park Facilities,87,Park And Recreation,Singing Hills Recreation Center,,,6746353,6746353,0,0,0,0
2016,Recreation Facilities and Site Development,88,Park And Recreation,South Central and Joppa Gateway (District 4),,,839496,839496,0,0,0,0
2016,Recreation Facilities and Site Development,88,Park And Recreation,South Central and Joppa Gateway (District 5),,,570000,570000,0,0,0,0
2016,Citywide Parks,88,Park And Recreation,Stormwater Quality Site Improvements,,,554389,554389,0,0,0,0
2016,Major Park Facilities,88,Park And Recreation,Texas Horse Park Land Acquisition and Development,,,11800137,11800137,0,0,0,0
2016,Recreation Facilities and Site Development,88,Park And Recreation,Timberglen Site Improvements,,,1606353,1606353,0,0,0,0
2016,Trail Development,88,Park And Recreation,Timberglen Trail (Timberglen to Barry Barker),,,143625,143625,0,0,0,0
2016,Major Maintenance - Park Facilities,88,Park And Recreation,Tommie Allen Recreation Center,,,560248,560248,0,0,0,0
2016,Recreation Facilities and Site Development,88,Park And Recreation,Tommie Allen Security Lights,,,71250,71250,0,0,0,0
2016,Trail Development,89,Park And Recreation,Trail Development,,,899820,899820,0,0,0,0
2016,Recreation Facilities and Site Development,89,Park And Recreation,Trinity River Standing Wave,,,3727150,3727150,0,0,0,0
2016,Trail Development,89,Park And Recreation,Trinity Strand,,,1223280,1223280,0,0,0,0
2016,Trail Development,89,Park And Recreation,Trinity Strand Fiezy Connection,,,203121,203121,0,0,0,0
2016,Linear/Linkage Areas,89,Park And Recreation,Trinity Strand Trail,,,810628,810628,0,0,0,0
2016,Trail Development,89,Park And Recreation,Turtle Creek Trail Site Improvements,,,287250,287250,0,0,0,0
2016,Neighborhood Park Facilities,89,Park And Recreation,Urbandale Park,,,70000,70000,0,0,0,0
2016,Recreation Facilities and Site Development,89,Park And Recreation,Valley View Trail and Trailhead,,,318808,318808,0,0,0,0
2016,Trail Development,90,Park And Recreation,Veloway,,,2115468,2115468,0,0,0,0
2016,Major Maintenance - Park Facilities,90,Park And Recreation,Walnut Hill Recreation Center,,,1669516,1669516,0,0,0,0
2016,Major Park Facilities,90,Park And Recreation,West Dallas Gateway,2017,2018,3410322,34723092,2664010,28648760,0,0
2016,Recreation Facilities and Site Development,90,Park And Recreation,White Rock Hills Recreation Center,,,4750000,4750000,0,0,0,0
2016,Recreation Facilities and Site Development,90,Park And Recreation,White Rock Lake East Lawther Trail Replacement,,,1772684,1772684,0,0,0,0
2016,Recreation Facilities and Site Development,90,Park And Recreation,White Rock Lake Mockingbird Point Improvements,,,1430448,1430448,0,0,0,0
2016,Recreation Facilities and Site Development,90,Park And Recreation,White Rock Lake Security Lights,,,271199,271199,0,0,0,0
2016,Major Maintenance,90,Park And Recreation,White Rock Lake Stone Tables,,,113957,113957,0,0,0,0
2016,Major Maintenance - Park Facilities,90,Park And Recreation,Willie B Johnson Recreation Center,,,35200,35200,0,0,0,0
2016,Recreation Facilities and Site Development,90,Park And Recreation,Willie Mae Butler Park- Sprayground,,,967331,967331,0,0,0,0
2016,Public Art,100,Street And Thoroughfare,2012 Public Art Administration,,,337625,337625,0,0,0,0
2016,Street Reconstruction - Local Streets,100,Street And Thoroughfare,Aberdeen Ave from Preston Rd to Tulane St,,,910783,910783,0,0,0,0
2016,Street Resurfacing,100,Street And Thoroughfare,Abrams Rd from Mockingbird Ln to Lange Cir,,,591273,591273,0,0,0,0
2016,Alley Reconstruction,100,Street And Thoroughfare,Aldwick Dr (8805-9031) And Fenchurch Rd (8904-9020),,,213887,213887,0,0,0,0
2016,Street Resurfacing,100,Street And Thoroughfare,Aledo Dr from Crest Ridge Dr to Tisinger Ave,,,721700,721700,0,0,0,0
2016,Alley Reconstruction,100,Street And Thoroughfare,Allencrest Ln (4608-4732) And Forest Ln (4609-4719),,,209400,209400,0,0,0,0
2016,Alley Reconstruction,100,Street And Thoroughfare,Allencrest Ln (4807-4931) And Nashwood Ln (4808-4918),,,274000,274000,0,0,0,0
2016,Thoroughfares,100,Street And Thoroughfare,Alpha Rd. - Dallas Pkwy. to Preston Rd.,,,255880,255880,0,0,0,0
2016,Streetscape/Urban Design,100,Street And Thoroughfare,Alpha Rd.,2017,2017,5359,5564385,5559026,0,0,0
2016,Alley Reconstruction,101,Street And Thoroughfare,Alto Caro Dr (7305-7447) And Clearhaven Dr (7306-7446),,,352046,352046,0,0,0,0
2016,Street Resurfacing,101,Street And Thoroughfare,Ambassador Row from Regal Row to Dividend Drive,,,769183,769183,0,0,0,0
2016,Alley Reconstruction,101,Street And Thoroughfare,Amberwood Rd (16101-16239) And Wickerwood Dr (6401-6535),,,354332,354332,0,0,0,0
2016,Street Resurfacing,101,Street And Thoroughfare,Ann Arbor Ave from Malden Ln to Strobel Ave,,,234800,234800,0,0,0,0
2016,Alley Reconstruction,101,Street And Thoroughfare,Arapaho Rd (7630-7630) And El Padre (7707-7707),,,207425,207425,0,0,0,0
2016,Street Resurfacing,101,Street And Thoroughfare,Arboreal Dr from 300' north of NW Highway to Walling Ln,,,461900,461900,0,0,0,0
2016,Target Neighborhood,101,Street And Thoroughfare,Arizona from Saner to Kiest,,,1726570,1726570,0,0,0,0
2016,Professional Services and Debt Issuance,101,Street And Thoroughfare,Assessments Proceeds for 2006 Bonds,,,649000,649000,0,0,0,0
2016,Street Resurfacing,101,Street And Thoroughfare,Avondale from Throckmorton to Oak Lawn,,,103602,103602,0,0,0,0
2016,Alley Reconstruction,101,Street And Thoroughfare,Azalea Ln (6121-6339) And Royalton Dr (6142-6342),,,253900,253900,0,0,0,0
2016,Alley Reconstruction,102,Street And Thoroughfare,Azalea Ln (7107-7239) And Currin Dr (7106-7238),,,258700,258700,0,0,0,0
2016,Trails,102,Street And Thoroughfare,Bachman Lake Trail,,,1601000,1601000,0,0,0,0
2016,Street Resurfacing,102,Street And Thoroughfare,Barnett Ave from Irwindell Blvd to Brooklyndell Ave,,,84309,84309,0,0,0,0
2016,Barrier Free Ramps,102,Street And Thoroughfare,Barrier Free Ramps and Sidewalks,,,869150,869150,0,0,0,0
2016,Alley Reconstruction,102,Street And Thoroughfare,Baxtershire Dr (7110-7250) And Eudora Dr (7109-7239),,,273806,273806,0,0,0,0
2016,Street Reconstruction - Local Streets,102,Street And Thoroughfare,Beall Street from Dolphin to Gifford Street,,,365100,365100,0,0,0,0
2016,Alley Reconstruction,102,Street And Thoroughfare,Beauty Ln (10804-11030) And Royal Ln (3461-3461),,,388938,388938,0,0,0,0
2016,Intergovernmental Partnership Projects,102,Street And Thoroughfare,Beckley Ave. at Colorado and West Commerce,,,93784,93784,0,0,0,0
2016,Street Improvements,102,Street And Thoroughfare,Beckley Ave. at Colorado and W. Commerce,,,1437561,1437561,0,0,0,0
2016,Street Resurfacing,102,Street And Thoroughfare,Belgrade Ave from Lawnview Ave to Bisbee Dr,,,257000,257000,0,0,0,0
2016,Street Resurfacing,103,Street And Thoroughfare,Belknap Ave from Illinois Ave to Sutter St,,,249200,249200,0,0,0,0
2016,Thoroughfares,103,Street And Thoroughfare,Belleview,2017,2017,452826,1000000,547174,0,0,0
2016,Street Reconstruction - Local Streets,103,Street And Thoroughfare,Berry Trail from Preston Rd to Copperhill Dr,,,758461,758461,0,0,0,0
2016,Thoroughfares,103,Street And Thoroughfare,Bexar St.,,,1513526,1513526,0,0,0,0
2016,Streetscape/Urban Design,103,Street And Thoroughfare,Bexar St. Corridor- US 175 to Rochester,,,4039162,4039162,0,0,0,0
2016,Alley Petitions,103,Street And Thoroughfare,Bishop Avenue and Haines Avenue from Neches Street to Wickford Street,,,255610,255610,0,0,0,0
2016,Complete Street,103,Street And Thoroughfare,Bishop from Jefferson to 8th,,,2736301,2736301,0,0,0,0
2016,Street Reconstruction - Local Streets,104,Street And Thoroughfare,Bismark Dr from E. Ledbetter to 51st,,,903512,903512,0,0,0,0
2016,Alley Reconstruction,104,Street And Thoroughfare,Blue Mesa Dr (6834-6922) And Hillcrest Rd (17702-17726),,,184633,184633,0,0,0,0
2016,Alley Petitions,104,Street And Thoroughfare,Bluffman Drive Castle Hills Drive & Lovingood Dr. - Lovingood Dr.,,,211004,211004,0,0,0,0
2016,Street Resurfacing,104,Street And Thoroughfare,Blyth Dr from Freeport Dr to Shiloh Rd,,,310100,310100,0,0,0,0
2016,Alley Reconstruction,104,Street And Thoroughfare,Boca Bay Dr (4109-4263) And Shady Bend Dr (4110-4264),,,376600,376600,0,0,0,0
2016,Thoroughfares,104,Street And Thoroughfare,Bonnie View,,,3889090,3889090,0,0,0,0
2016,Street Reconstruction - Local Streets,104,Street And Thoroughfare,Bonnie View from Overton to Springview,,,525374,525374,0,0,0,0
2016,Street Resurfacing,104,Street And Thoroughfare,Bonnie View from Springview to Fordham,,,342606,342606,0,0,0,0
2016,Intergovernmental Partnership Projects,104,Street And Thoroughfare,Bonnie View Rd.,,,6029522,6029522,0,0,0,0
2016,Street Resurfacing,104,Street And Thoroughfare,Bowen St from McKinney Ave to Turtle Creek,,,303503,303503,0,0,0,0
2016,Street Resurfacing,105,Street And Thoroughfare,Bowling Brook Dr from Humoresque Dr To Lazy River Dr,2017,2017,0,121800,121800,0,0,0
2016,Bridge Repair and Modification,105,Street And Thoroughfare,Bridge Repair and Modification,,,2051949,2051949,0,0,0,0
2016,Street Reconstruction - Local Streets,105,Street And Thoroughfare,Brierfield Dr From Brierfield Cir To W Camp Wisdom Rd,,,594847,594847,0,0,0,0
2016,Street Resurfacing,105,Street And Thoroughfare,Briscoe Blvd (S) from W. 10th to W. 12th,,,184000,184000,0,0,0,0
2016,Alley Reconstruction,105,Street And Thoroughfare,Brookview Dr (4400-4538) And Gloster Rd (4407-4533),,,295500,295500,0,0,0,0
2016,Street Resurfacing,105,Street And Thoroughfare,Bruton Rd from McKim to N Prairie Creek,,,355276,355276,0,0,0,0
2016,Thoroughfares,105,Street And Thoroughfare,Burbank St.,,,3676508,3676508,0,0,0,0
2016,Alley Reconstruction,105,Street And Thoroughfare,Buxhill Dr (9405-9735) And Lanshire Dr (9408-9636),,,310400,310400,0,0,0,0
2016,Alley Reconstruction,105,Street And Thoroughfare,Buxhill Dr (9406-9734) And Shady Dale Ln (9607-9735),,,244500,244500,0,0,0,0
2016,Thoroughfares,106,Street And Thoroughfare,Cadiz St.,,,4919911,4919911,0,0,0,0
2016,Street Resurfacing,106,Street And Thoroughfare,Camille Ave from Davenport to Cansler,2017,2017,0,175500,175500,0,0,0
2016,Street Resurfacing,106,Street And Thoroughfare,Camp Wisdom Rd (W) from Woodwick Dr to Polk St,,,206387,206387,0,0,0,0
2016,Street Resurfacing,106,Street And Thoroughfare,Campanella Dr from Rialto Dr To TI Blvd,2017,2017,0,245800,245800,0,0,0
2016,Street Reconstruction - Thoroughfares,106,Street And Thoroughfare,Canada Dr from Tamerisk St to Westmoreland Rd,,,4177884,4177884,0,0,0,0
2016,Street Resurfacing,106,Street And Thoroughfare,Canty St (W) from Beckley Ave to Madison Ave,,,188476,188476,0,0,0,0
2016,Technology,106,Street And Thoroughfare,Capital Projects Data Management,,,50000,50000,0,0,0,0
2016,Alley Petitions,106,Street And Thoroughfare,Capps Dr & Rexford Dr from. Lemmon Ave parallel to Glencrest Ln,,,146000,146000,0,0,0,0
2016,Street Resurfacing,106,Street And Thoroughfare,Caravan Trl from Singing Hills Dr to Lazy River Dr,,,286607,286607,0,0,0,0
2016,Street Resurfacing,106,Street And Thoroughfare,Carlisle St from Sneed St to N. Hall St,,,217600,217600,0,0,0,0
2016,Street Reconstruction - Local Streets,107,Street And Thoroughfare,Carthage Ln from Chandler Dr to Buckingham Rd (13300 block),,,463103,463103,0,0,0,0
2016,Alley Reconstruction,107,Street And Thoroughfare,Caruth Blvd (7403-7543) And Colgate Ave (7402-7542),,,241000,241000,0,0,0,0
2016,Alley Reconstruction,107,Street And Thoroughfare,Catamore Ln (3117-3185) And Flowerdale Ln (3112-3162),,,195801,195801,0,0,0,0
2016,Alley Reconstruction,107,Street And Thoroughfare,Caulfield Dr (6701-6805) And Spanky Branch Ct (6904-7000),,,203500,203500,0,0,0,0
2016,Intergovernmental Partnership Projects,107,Street And Thoroughfare,CBD Fair Link- Hall St. to IH 30,2017,2017,4486095,6980205,2494110,0,0,0
2016,Transportation Systems Management,107,Street And Thoroughfare,CBD Wayfinding & Signage Program Phase III,,,247266,247266,0,0,0,0
2016,Alley Reconstruction,107,Street And Thoroughfare,Cedar Bend Dr (12317-12417),,,191920,191920,0,0,0,0
2016,Complete Street,107,Street And Thoroughfare,Cedar Springs Ave from Douglas to Oak Lawn,,,1329000,1329000,0,0,0,0
2016,Alley Reconstruction,108,Street And Thoroughfare,Cedarbrush Dr (3809-3951) And Goodfellow Dr (3810-3948),,,337034,337034,0,0,0,0
2016,Traffic Signal Upgrades,108,Street And Thoroughfare,Central Signal Computer/ Software Upgrade,,,3366991,3366991,0,0,0,0
2016,Thoroughfares,108,Street And Thoroughfare,Chalk Hill Rd.,2017,2017,12230475,19081266,6850791,0,0,0
2016,Street Reconstruction - Local Streets,108,Street And Thoroughfare,Chandler Dr from Carthage Ln to Carthage Ln 12900 to 13100,,,1102393,1102393,0,0,0,0
2016,Street Resurfacing,108,Street And Thoroughfare,Channel from Royal to Talisman,,,343700,343700,0,0,0,0
2016,Alley Reconstruction,108,Street And Thoroughfare,Chapel Downs Dr (3108-3256) And Timberview Rd (3111-3253),,,349000,349000,0,0,0,0
2016,Alley Reconstruction,108,Street And Thoroughfare,Chattington Dr (7403-7439) And Meandering Pl (15105-15115),,,130730,130730,0,0,0,0
2016,Alley Reconstruction,108,Street And Thoroughfare,Chattington Dr (7507-7625) And Woodstone Ln (7524-7624),,,37467,37467,0,0,0,0
2016,Alley Reconstruction,109,Street And Thoroughfare,Chesterton Dr (10206-10432) And Walnut Hill Ln (10201-10201),,,302100,302100,0,0,0,0
2016,Alley Reconstruction,109,Street And Thoroughfare,Chiswell Rd (9707-9747) And Lanshire Dr (9718-9738),,,88009,88009,0,0,0,0
2016,Alley Reconstruction,109,Street And Thoroughfare,Churchill Way (6824-6838) And Hillcrest Rd (12361-12361),,,13605,13605,0,0,0,0
2016,Street Resurfacing,109,Street And Thoroughfare,Churchill Way from Whitley to Preston,2017,2017,2310,119300,116990,0,0,0
2016,Professional Services and Debt Issuance,109,Street And Thoroughfare,CIP Reimbursement,,,3044,3044,0,0,0,0
2016,Alley Reconstruction,109,Street And Thoroughfare,Claren Ct (7114-7122) And Judi Ct (7104-7112),,,165822,165822,0,0,0,0
2016,Alley Reconstruction,109,Street And Thoroughfare,Clearhaven Dr (7206-7246) And Alto Caro Dr (7249-7279),,,191682,191682,0,0,0,0
2016,Street Resurfacing,109,Street And Thoroughfare,Clearwater from Boundbrook to Woodbrook,2017,2017,0,130500,130500,0,0,0
2016,Thoroughfares,109,Street And Thoroughfare,Cleveland Rd-Bonnieview Rd to West of BNSF RR,,,2823735,2823735,0,0,0,0
2016,Street Resurfacing,109,Street And Thoroughfare,Clodus Fields Rd from Merit Rd to Coit Rd,2017,2017,0,171100,171100,0,0,0
2016,Alley Reconstruction,109,Street And Thoroughfare,Coach Light Rd (7204-7260) And Pecan Ridge Dr (7322-7346),,,316100,316100,0,0,0,0
2016,Intergovernmental Partnership Projects,110,Street And Thoroughfare,Cockrell Hill,2017,2018,2925631,5721258,2282640,512987,0,0
2016,Street Resurfacing,110,Street And Thoroughfare,Cole from Harvard to Lee,,,37174,37174,0,0,0,0
2016,Streetscape/Urban Design,110,Street And Thoroughfare,Colorado Blvd/Beckley Ave Area Sidewalk Enhancement,,,1588945,1588945,0,0,0,0
2016,Street Improvements,110,Street And Thoroughfare,Comcast Utility Operate,,,150000,150000,0,0,0,0
2016,Streetscape/Urban Design,110,Street And Thoroughfare,Commerce,2017,2017,524305,1743681,1219376,0,0,0
2016,Thoroughfares,110,Street And Thoroughfare,Commerce St.,,,592742,592742,0,0,0,0
2016,Thoroughfares,110,Street And Thoroughfare,Community,2017,2017,1172447,1203077,30630,0,0,0
2016,Thoroughfares,110,Street And Thoroughfare,Continental,,,5870363,5870363,0,0,0,0
2016,Street Resurfacing,111,Street And Thoroughfare,Coolglen Dr from Meadowcreek Dr to End of Pavement,2017,2017,0,105700,105700,0,0,0
2016,Hike and Bike Trails,111,Street And Thoroughfare,Coombs Creek Trail Phase III (Stevens Park Tennis Court to H),,,1473982,1473982,0,0,0,0
2016,Trails,111,Street And Thoroughfare,Coombs Trinity Connect,,,330000,330000,0,0,0,0
2016,Alley Reconstruction,111,Street And Thoroughfare,Coral Gables Dr (3608-3660) And Pallos Verdas Dr (3627-3675),,,186000,186000,0,0,0,0
2016,Street Resurfacing,111,Street And Thoroughfare,Corinth St (S) from Woodbine Ave to 11th St,,,243400,243400,0,0,0,0
2016,Alley Reconstruction,111,Street And Thoroughfare,Country Brook Dr (4204-4328),,,252369,252369,0,0,0,0
2016,Street Petitions,111,Street And Thoroughfare,Crenshaw Dr from Cushing Dr to Old Seagoville Rd,,,851950,851950,0,0,0,0
2016,Alley Reconstruction,111,Street And Thoroughfare,Crest Brook Dr (11311-11439) And Parkchester Dr (11402-11468),,,342238,342238,0,0,0,0
2016,Alley Reconstruction,111,Street And Thoroughfare,Cromwell Dr (12112-12132) And High Mesa Dr (3404-3416),,,182354,182354,0,0,0,0
2016,Sidewalk Improvements,112,Street And Thoroughfare,Cypress Hills Dr from La Cosa Dr to south of Liberty Hill (east side),,,134556,134556,0,0,0,0
2016,Street Reconstruction - Local Streets,112,Street And Thoroughfare,Dahman Cir from Church Rd to end of pavement,,,237675,237675,0,0,0,0
2016,Intergovernmental Partnership Projects,112,Street And Thoroughfare,Dallas County,2017,2017,889858,1001896,112038,0,0,0
2016,Intergovernmental Partnership Projects,112,Street And Thoroughfare,Dallas Streetcar Extension,,,1500000,1500000,0,0,0,0
2016,Street Resurfacing,112,Street And Thoroughfare,Danbury Ln from Abrams Rd to Kelman St,,,112500,112500,0,0,0,0
2016,Intergovernmental Partnership Projects,112,Street And Thoroughfare,Davis,,,2806,2806,0,0,0,0
2016,Complete Street,112,Street And Thoroughfare,Davis Street from Beckley to Hampton,2017,2017,277621,981817,704196,0,0,0
2016,Alley Reconstruction,112,Street And Thoroughfare,Daybreak Dr (2303-2715) And Harbinger Ln (2304- 2612),,,544560,544560,0,0,0,0
2016,Alley Reconstruction,113,Street And Thoroughfare,Deep Valley Dr (3920-3980) And Clear Cove Ln (3911-3951),,,318700,318700,0,0,0,0
2016,Street Resurfacing,113,Street And Thoroughfare,Deerwood Dr from Library Ln To End of Pavement,,,59600,59600,0,0,0,0
2016,Alley Reconstruction,113,Street And Thoroughfare,Del Roy Dr (5209-5439) And Preston Haven Dr (5208-5438),,,364312,364312,0,0,0,0
2016,Alley Reconstruction,113,Street And Thoroughfare,Delmeta Dr (6811-6957) And Quarterway Dr (6810-6950),,,44520,44520,0,0,0,0
2016,Intergovernmental Partnership Projects,113,Street And Thoroughfare,Denton Drive Phase 1 (Walnut Hill to Royal),,,5990999,5990999,0,0,0,0
2016,Target Neighborhood,113,Street And Thoroughfare,Dickerson St.,,,3394530,3394530,0,0,0,0
2016,Alley Reconstruction,113,Street And Thoroughfare,Duffield Dr (6321-6415) And Earthwind Dr (17134-17222),,,141496,141496,0,0,0,0
2016,Street Resurfacing,113,Street And Thoroughfare,Earlport Dr from Roundrock Rd to Winterwood Ln,2017,2017,0,73400,73400,0,0,0
2016,Street Resurfacing,113,Street And Thoroughfare,Earlshire from Regent to Royal,,,44335,44335,0,0,0,0
2016,Alley Reconstruction,114,Street And Thoroughfare,Earthwind Dr (17101-17409) And Campbell Rd (6001-6101),,,187540,187540,0,0,0,0
2016,Street Improvements,114,Street And Thoroughfare,East Dallas Veloway,,,385881,385881,0,0,0,0
2016,Street Resurfacing,114,Street And Thoroughfare,Easton Rd from Garland Rd to Gus Thomasson (Zacha Dr),,,466610,466610,0,0,0,0
2016,Street Resurfacing,114,Street And Thoroughfare,Easton Rd from Northwest Highway to concrete east of Bon Aire Dr,,,767793,767793,0,0,0,0
2016,Street Resurfacing,114,Street And Thoroughfare,Edgefield from Clarendon to Illinois,,,965126,965126,0,0,0,0
2016,Street Resurfacing,114,Street And Thoroughfare,Edgemere from Park Lane to Prestonshire,,,141700,141700,0,0,0,0
2016,Streetscape/Urban Design,114,Street And Thoroughfare,Elm St.,,,6973454,6973454,0,0,0,0
2016,Street Petitions,114,Street And Thoroughfare,Elmdale Pl from Polk St to Tyler St,,,474330,474330,0,0,0,0
2016,Trails,114,Street And Thoroughfare,Elmwood Parkway pedestrian connection to Kiest Park,,,964132,964132,0,0,0,0
2016,Street Resurfacing,115,Street And Thoroughfare,Emerald Isle Dr from Garland Rd to park entrance (1000-1100 blocks),,,115400,115400,0,0,0,0
2016,Street Resurfacing,115,Street And Thoroughfare,Emeraldwood Dr from Harvest Glen Dr to Belt Line Rd,,,46106,46106,0,0,0,0
2016,Street Resurfacing,115,Street And Thoroughfare,Empire Central St from Harry Hines Blvd to Heartsill Dr,,,0,0,0,0,0,0
2016,Alley Reconstruction,115,Street And Thoroughfare,Estate Ln (10111-10171) And Caribou Trl (9909-9949) A8686,,,190210,190210,0,0,0,0
2016,Street Reconstruction - Thoroughfares,115,Street And Thoroughfare,Ewing Ave (S) from Galloway Ave to Genoa Ave,,,1164027,1164027,0,0,0,0
2016,Street Resurfacing,115,Street And Thoroughfare,Ewing Ave (S) from IH 35 to Viola,,,94702,94702,0,0,0,0
2016,Street Resurfacing,115,Street And Thoroughfare,Ewing from 8th to Comal,,,305500,305500,0,0,0,0
2016,Intergovernmental Partnership Projects,115,Street And Thoroughfare,Fair Park Link,,,2460664,2460664,0,0,0,0
2016,Alley Reconstruction,115,Street And Thoroughfare,Fallmeadow Ln (7612-7668) And Meandering Way (14800-14800),,,194979,194979,0,0,0,0
2016,Street Reconstruction,116,Street And Thoroughfare,Farmers Market Pearl Utilities Relocation ~ SREC,,,37150,37150,0,0,0,0
2016,Street Reconstruction - Local Streets,116,Street And Thoroughfare,Fern Ave from Godfrey Ave To C F Hawn Serv Rd,,,373373,373373,0,0,0,0
2016,Street Resurfacing,116,Street And Thoroughfare,Ferndale Rd from Linkwood to Longmont,,,72466,72466,0,0,0,0
2016,Street Resurfacing,116,Street And Thoroughfare,Ferndale Rd from Shoreview to NW Highway,,,102968,102968,0,0,0,0
2016,Street Resurfacing,116,Street And Thoroughfare,Ferndale Rd from Walnut Hill Ln to Vistadale Dr,,,779498,779498,0,0,0,0
2016,Street Petitions,116,Street And Thoroughfare,Fernheath Ln from South Beltline Rd. to Dead End,,,184980,184980,0,0,0,0
2016,Street Reconstruction - Local Streets,116,Street And Thoroughfare,Five Mile Dr from Frio Dr To Burnside Ave,,,162467,162467,0,0,0,0
2016,Trails,116,Street And Thoroughfare,Flag Pole Hill Trail from Goforth to the future Park facility at the Jules Muchart Army Reserve Building,2017,2017,1200000,1205200,5200,0,0,0
2016,Alley Reconstruction,117,Street And Thoroughfare,Flowerdale Ln and Catamore Ln- Dundee to Royal Chapel Dr,,,151364,151364,0,0,0,0
2016,Street Reconstruction - Thoroughfares,117,Street And Thoroughfare,Fordham from Bonnie View to Illinois,2017,2017,723549,1523549,800000,0,0,0
2016,Street Resurfacing,117,Street And Thoroughfare,Forest from High Meadow to Josey,,,1383120,1383120,0,0,0,0
2016,Street Resurfacing,117,Street And Thoroughfare,Forest Ln from Preston Haven Dr to High Forest Dr,,,311987,311987,0,0,0,0
2016,Thoroughfares,117,Street And Thoroughfare,Fort Worth Ave from Sylvan to West Commerce,2017,2017,226322,1404921,1178599,0,0,0
2016,Streetscape/Urban Design,117,Street And Thoroughfare,Fort Worth Ave.,,,198500,198500,0,0,0,0
2016,Alley Reconstruction,117,Street And Thoroughfare,Fox Hill Ln (5949-5977) and W. Red Bird (1007-1031),,,17340,17340,0,0,0,0
2016,Street Reconstruction,117,Street And Thoroughfare,Frankford at Kelly,,,263477,263477,0,0,0,0
2016,Street Petitions,118,Street And Thoroughfare,Gardenview Dr from Alto Garden Dr to Loma Garden Av,,,1469400,1469400,0,0,0,0
2016,Street Reconstruction - Local Streets,118,Street And Thoroughfare,Gentle River Dr from end of pavement to Hidden Trail Dr,,,658167,658167,0,0,0,0
2016,Street Resurfacing,118,Street And Thoroughfare,Glen Regal Dr from Rialto Dr To Hallum St,2017,2017,0,149700,149700,0,0,0
2016,Street Resurfacing,118,Street And Thoroughfare,Goldwood Dr from Polk to Woodspan,,,330328,330328,0,0,0,0
2016,Target Neighborhood,118,Street And Thoroughfare,Gooch St from S Lancaster Rd To Tracy Rd Block,,,1285896,1285896,0,0,0,0
2016,Street Reconstruction,118,Street And Thoroughfare,Good Latimer Expwy. (S),,,1160735,1160735,0,0,0,0
2016,Street Reconstruction,118,Street And Thoroughfare,Good Latimer Expwy. (S) -Dawson St. to Ferris St.,,,1037860,1037860,0,0,0,0
2016,Thoroughfares,119,Street And Thoroughfare,Goodnight,,,7388369,7388369,0,0,0,0
2016,Street Resurfacing,119,Street And Thoroughfare,Governor's Row from Regal Row to Empire Central,,,0,0,0,0,0,0
2016,Complete Street,119,Street And Thoroughfare,Grand from R.B. Cullum to Good Latimer,,,1600546,1600546,0,0,0,0
2016,Alley Reconstruction,119,Street And Thoroughfare,Gray Wolf Trl (6203-6251) And Bentwood Trl (6211-6247),,,169600,169600,0,0,0,0
2016,Streetscape/Urban Design,119,Street And Thoroughfare,Greater Casa View Area Streetscape Improvements,,,17703,17703,0,0,0,0
2016,Complete Street,119,Street And Thoroughfare,Greenville Ave Retail Areas,2017,2018,0,820400,82040,738360,0,0
2016,Complete Street,119,Street And Thoroughfare,Greenville from Belmont to Bell and from Alta to Ross,,,3742824,3742824,0,0,0,0
2016,Street Resurfacing,119,Street And Thoroughfare,Gretchen Ln from Davenport Rd to Peppy Pl,,,225340,225340,0,0,0,0
2016,Streetscape/Urban Design,120,Street And Thoroughfare,Griffin St.,2017,2017,3544890,5267500,1722610,0,0,0
2016,Street Resurfacing,120,Street And Thoroughfare,Gus Thomasson Rd from Materhorn Dr to Maylee Blvd,,,0,0,0,0,0,0
2016,Street Reconstruction - Local Streets,120,Street And Thoroughfare,Haas from Marjorie to 51st,,,417717,417717,0,0,0,0
2016,Street Reconstruction - Thoroughfares,120,Street And Thoroughfare,Hampton Rd (S) from Crow Creek Dr to north of W. Ledbetter Dr.,,,1858900,1858900,0,0,0,0
2016,Alley Reconstruction,120,Street And Thoroughfare,Harbinger Ln (2303-2423) And Kingsridge Dr (2308-2424),,,224618,224618,0,0,0,0
2016,Alley Reconstruction,120,Street And Thoroughfare,Harbinger Ln (2503-2623) And Kingsridge Dr (2504-2624),,,214700,214700,0,0,0,0
2016,Street Resurfacing,120,Street And Thoroughfare,Harry Hines Blvd from Medical District Drive to Butler Street,,,80017,80017,0,0,0,0
2016,Participation With Other Government Agencies - Thoroughfares,120,Street And Thoroughfare,Hatcher (Dolphin Rd.),,,179516,179516,0,0,0,0
2016,Street Resurfacing,121,Street And Thoroughfare,Havenwood Dr from Woodshire Dr to Woodspan Dr,,,297269,297269,0,0,0,0
2016,Street Reconstruction - Local Streets,121,Street And Thoroughfare,Heatherdale from Dove Meadow to Abrams,,,695812,695812,0,0,0,0
2016,Street Resurfacing,121,Street And Thoroughfare,Henderson Ave (N) from Richard to Ross,,,0,0,0,0,0,0
2016,Complete Street,121,Street And Thoroughfare,Henderson St from US 75 to Ross Ave,,,0,0,0,0,0,0
2016,Target Neighborhood,121,Street And Thoroughfare,Hendricks from Denley to Moore,2017,2017,296062,551001,254939,0,0,0
2016,Alley Petitions,121,Street And Thoroughfare,Hibernia Street and McKinney Avenue from Routh Street to Boll Street,,,93723,93723,0,0,0,0
2016,Alley Petitions,121,Street And Thoroughfare,Hibernia Street and State Street from Boll Street to Worthington Street,,,92600,92600,0,0,0,0
2016,Street Reconstruction - Local Streets,121,Street And Thoroughfare,Highland Hills Dr from Simpson Stuart Rd to Bonnie View Rd,,,1259662,1259662,0,0,0,0
2016,Thoroughfares,121,Street And Thoroughfare,Highland Road from Ferguson to north of the entrance to Primrose at Highland (1500' to NE),,,1226192,1226192,0,0,0,0
2016,Alley Reconstruction,122,Street And Thoroughfare,Hillcrest Rd (17726-17820) And Blue Mesa Dr (6926-6930),,,133670,133670,0,0,0,0
2016,Alley Reconstruction,122,Street And Thoroughfare,Hillcrest Rd (17920-18014) And Bremerton Dr (7003-7011),,,139007,139007,0,0,0,0
2016,Street Reconstruction - Local Streets,122,Street And Thoroughfare,Hillcrest Rd from Wester Way to McKamy,,,1144463,1144463,0,0,0,0
2016,Alley Reconstruction,122,Street And Thoroughfare,Hilton Head Dr (5211-5315) And River Hill Cir (4708-4724),,,159900,159900,0,0,0,0
2016,Alley Reconstruction,122,Street And Thoroughfare,Hilton Head Dr (5310-5420) And Harbor Town Dr (5305-5323),,,181200,181200,0,0,0,0
2016,Target Neighborhood,122,Street And Thoroughfare,Holly Hill from Phoenix to Pineland,2017,2017,851950,857200,5250,0,0,0
2016,Bridge Repair and Modification,122,Street And Thoroughfare,Houston Street Viaduct,,,6615979,6615979,0,0,0,0
2016,Street Resurfacing,122,Street And Thoroughfare,Hudspeth Ave from Biglow St to Cardinal Dr,,,421212,421212,0,0,0,0
2016,Target Neighborhood,122,Street And Thoroughfare,Hughes Lane from Churchill Way to Lafayette Way,2017,2017,809313,814301,4988,0,0,0
2016,Sidewalk Improvements,123,Street And Thoroughfare,Hughes Lane from Lafayette Way to the alley north of Linden Ln,,,136956,136956,0,0,0,0
2016,Alley Petitions,123,Street And Thoroughfare,"Hurley Way and Lenel Place from Williamsburg Road to ""T"" alley south of Walnut Hill Lane",,,204209,204209,0,0,0,0
2016,Alley Petitions,123,Street And Thoroughfare,Idaho Ave and Maryland Ave from Holden Ave an estimated 250' south to Dallas Power & Light property,,,85175,85175,0,0,0,0
2016,Intergovernmental Partnership Projects,123,Street And Thoroughfare,IH-20 Ramps from Haymarket Rd to West of US-175,,,662182,662182,0,0,0,0
2016,Bridge Repair and Modification,123,Street And Thoroughfare,IH-30 Bridge Concept,,,20000,20000,0,0,0,0
2016,Bridge Repair and Modification,123,Street And Thoroughfare,IH-30 Signature Design,,,7500896,7500896,0,0,0,0
2016,Intergovernmental Partnership Projects,123,Street And Thoroughfare,IH-635 (LBJ),,,10165086,10165086,0,0,0,0
2016,Intergovernmental Partnership Projects,123,Street And Thoroughfare,IH-635 (LBJ) at Skillman Interchange,,,2632167,2632167,0,0,0,0
2016,Thoroughfares,124,Street And Thoroughfare,IH-635 corridor (LBJ) - Approaches and Transitions,,,1609785,1609785,0,0,0,0
2016,Street Resurfacing,124,Street And Thoroughfare,Illinois Ave from Orial Ave to Michigan Ave,,,89023,89023,0,0,0,0
2016,Street Reconstruction - Local Streets,124,Street And Thoroughfare,Imperial St from Bertrand Ave To Lagow St,,,649785,649785,0,0,0,0
2016,Alley Reconstruction,124,Street And Thoroughfare,Indian Springs Rd (7609-7679) And Tophill Ln (7614-7652),,,26550,26550,0,0,0,0
2016,Intergovernmental Partnership Projects,124,Street And Thoroughfare,Industrial Blvd.,,,443994,443994,0,0,0,0
2016,Public Private Partnership,124,Street And Thoroughfare,Infrastructure improvements related to Public and Private Partnership,,,1610551,1610551,0,0,0,0
2016,Alley Reconstruction,124,Street And Thoroughfare,Ivywood Dr (807-955) And Havenwood Dr (806-948),,,263700,263700,0,0,0,0
2016,Street Resurfacing,124,Street And Thoroughfare,Ivywood Dr from Woodspan Dr to Woodshire Dr,,,297811,297811,0,0,0,0
2016,Street Reconstruction - Local Streets,124,Street And Thoroughfare,JB Jackson from Grand to MLK,,,1870807,1870807,0,0,0,0
2016,Street Resurfacing,125,Street And Thoroughfare,Jefferson (W) from Rosemont to Hampton,,,1031310,1031310,0,0,0,0
2016,Complete Street,125,Street And Thoroughfare,Jefferson Blvd from Crawford to Van Buren,,,231444,231444,0,0,0,0
2016,Participation With Other Government Agencies - Alternate Modes,125,Street And Thoroughfare,Kathy Trail Extension Phase III,,,2480080,2480080,0,0,0,0
2016,Intergovernmental Partnership Projects,125,Street And Thoroughfare,Katy Trail Extension,,,16163461,16163461,0,0,0,0
2016,Intergovernmental Partnership Projects,125,Street And Thoroughfare,Keller Springs / Preston / Westgrove,,,1198286,1198286,0,0,0,0
2016,Street Resurfacing,126,Street And Thoroughfare,Kenwood Ave from Sperry St to Frontier Ln,,,152314,152314,0,0,0,0
2016,Alley Reconstruction,126,Street And Thoroughfare,Kingsridge Dr (2307-2627) And Silverthorne Dr (2304-2516),,,519090,519090,0,0,0,0
2016,Alley Reconstruction,126,Street And Thoroughfare,Kirnwood Dr (306-426) And Ryanridge Dr (7729-7769),,,166532,166532,0,0,0,0
2016,Street Resurfacing,126,Street And Thoroughfare,Kirnwood Dr from Leigh Ann Dr to Woodspan Dr,,,248570,248570,0,0,0,0
2016,Alley Reconstruction,126,Street And Thoroughfare,Knollview Dr (14810-14856) And Tophill Cir (7105-7115),,,21525,21525,0,0,0,0
2016,Alley Reconstruction,126,Street And Thoroughfare,La Avenida Dr (7505-7607) And Meandering Way,,,262725,262725,0,0,0,0
2016,Alley Reconstruction,126,Street And Thoroughfare,La Avenida Dr (7607-7747) And La Bolsa Dr (7616-7748),,,421827,421827,0,0,0,0
2016,Alley Reconstruction,126,Street And Thoroughfare,La Cabeza (7707-7765) And Scotia (7702-7718),,,217766,217766,0,0,0,0
2016,Street Resurfacing,126,Street And Thoroughfare,La Cabeza Dr from Spring Creek Rd To Querida Ln,2017,2017,0,122900,122900,0,0,0
2016,Alley Reconstruction,126,Street And Thoroughfare,La Manga Dr (7707-7765) And La Cabeza Dr (7708-7764),,,222865,222865,0,0,0,0
2016,Alley Reconstruction,126,Street And Thoroughfare,Lacehaven Dr (14907-14957) And Knollview Dr (14908-14944),,,38347,38347,0,0,0,0
2016,Alley Reconstruction,127,Street And Thoroughfare,Lafayette Way (6207-6263) And Prestoncrest Ln (6206-6262),,,31804,31804,0,0,0,0
2016,Trails,127,Street And Thoroughfare,Lake Highlands Trail from the White Rock Creek Trail to Skillman,,,1605392,1605392,0,0,0,0
2016,Street Improvements,127,Street And Thoroughfare,Lake Placid from Reynoldston Ln to Red Bird Ln,,,273988,273988,0,0,0,0
2016,Alley Reconstruction,127,Street And Thoroughfare,Lakemere Dr (9807-9951) And Crestwick Dr (9806-9940),,,327139,327139,0,0,0,0
2016,Thoroughfares,127,Street And Thoroughfare,Lamar (S) from IH45 to Hatcher,,,9949693,9949693,0,0,0,0
2016,Streetscape/Urban Design,127,Street And Thoroughfare,Lamar Streetscape Project,,,2000000,2000000,0,0,0,0
2016,Street Resurfacing,127,Street And Thoroughfare,Lanewood Cir from Neering Dr to Jupiter Rd,,,257266,257266,0,0,0,0
2016,Street Reconstruction - Local Streets,127,Street And Thoroughfare,Langdon Ave from Thurston Dr to Denton Dr,,,602289,602289,0,0,0,0
2016,Alley Reconstruction,128,Street And Thoroughfare,Lavendale Ave (6111-6339) And Azalea Ln (6118-6338),,,296675,296675,0,0,0,0
2016,Alley Reconstruction,128,Street And Thoroughfare,Lavendale Ave (6120-6338) And Royal Ln (6121-6339),,,268929,268929,0,0,0,0
2016,Alley Reconstruction,128,Street And Thoroughfare,Lavendale Ave (6404-6474) And Royal Ln (6405-6475),,,229200,229200,0,0,0,0
2016,Alley Reconstruction,128,Street And Thoroughfare,Lavendale Ave (6405-6441) And Royalton Dr (6456-6480),,,158550,158550,0,0,0,0
2016,Alley Reconstruction,128,Street And Thoroughfare,Lavendale Ave (6908-7048) And Royal Ln (6907-7047),,,295300,295300,0,0,0,0
2016,Street Resurfacing,128,Street And Thoroughfare,Lazy River Dr from Red Bird Ln to University Hills Blvd,,,730525,730525,0,0,0,0
2016,Street Reconstruction - Local Streets,128,Street And Thoroughfare,Lazy River Dr From Wagon Wheels Trl To E. Red Bird Ln,,,716172,716172,0,0,0,0
2016,Alley Reconstruction,128,Street And Thoroughfare,Leameadow Dr (7008-7028) And Knollview Dr (14944-14956),,,26740,26740,0,0,0,0
2016,Street Resurfacing,128,Street And Thoroughfare,Leavalley Dr from Hillwood Ln to Winterwood Ln,2017,2017,0,53200,53200,0,0,0
2016,Street Reconstruction - Local Streets,128,Street And Thoroughfare,Ledbetter Dr (E) from Kolloch Dr To Mayforge Dr,,,580906,580906,0,0,0,0
2016,Intergovernmental Partnership Projects,129,Street And Thoroughfare,Ledbetter Ext.,,,315604,315604,0,0,0,0
2016,Intergovernmental Partnership Projects,129,Street And Thoroughfare,Ledbetter/Grady Niblo Ext,,,2190495,2190495,0,0,0,0
2016,Street Reconstruction - Thoroughfares,129,Street And Thoroughfare,Lindsley from Beacon to Munger,,,342600,342600,0,0,0,0
2016,Street Resurfacing,129,Street And Thoroughfare,Linfield Rd from Seay Dr To Humphrey Dr,,,62880,62880,0,0,0,0
2016,Thoroughfares,129,Street And Thoroughfare,Live Oak -Olive to Central Blvd.,,,477760,477760,0,0,0,0
2016,Street Petitions,129,Street And Thoroughfare,Longhorn Street from Bar X St to Ferguson Rd,,,128226,128226,0,0,0,0
2016,Street Petitions,129,Street And Thoroughfare,Lonsdale from Sarah Lee to Lake June Rd,,,107980,107980,0,0,0,0
2016,Intergovernmental Partnership Projects,129,Street And Thoroughfare,Loop 12,,,98723,98723,0,0,0,0
2016,Intergovernmental Partnership Projects,130,Street And Thoroughfare,Macon St./Sunday St. Railroad Crossing,,,1116784,1116784,0,0,0,0
2016,Complete Street,130,Street And Thoroughfare,Main St from Good Latimer to Exposition,,,730200,730200,0,0,0,0
2016,Street Resurfacing,130,Street And Thoroughfare,Main St from Harwood to Lamar,,,99710,99710,0,0,0,0
2016,Alley Petitions,130,Street And Thoroughfare,Manana Drive and Park Lane from Larga Drive to Marsh Lane,,,368969,368969,0,0,0,0
2016,Street Reconstruction - Thoroughfares,130,Street And Thoroughfare,Maple Ave from 700' south of Mockingbird Ln to Mockingbird Ln,,,730200,730200,0,0,0,0
2016,Alley Reconstruction,130,Street And Thoroughfare,Marbrook Dr (12109-12323) And Madeleine Cir (12104-12136),,,50561,50561,0,0,0,0
2016,Street Resurfacing,130,Street And Thoroughfare,Marquis from Norcross to Royal,,,228811,228811,0,0,0,0
2016,Street Improvements,130,Street And Thoroughfare,Matagorda Dr from Lake Placid Dr. to Dead End,,,220527,220527,0,0,0,0
2016,Street Reconstruction - Local Streets,130,Street And Thoroughfare,Mayforge Dr from Le Forge Ave To E Ledbetter Dr,,,294585,294585,0,0,0,0
2016,Street Resurfacing,131,Street And Thoroughfare,McMillan from Willis to Monticello,2017,2017,52459,407749,355290,0,0,0
2016,Target Neighborhood,131,Street And Thoroughfare,McVey from Beckley to Marsalis,,,1339013,1339013,0,0,0,0
2016,Alley Reconstruction,131,Street And Thoroughfare,Meadow Bluff Ln (2703-2755) And W Camp Wisdom Rd (2400-2400),,,155596,155596,0,0,0,0
2016,Alley Reconstruction,131,Street And Thoroughfare,Meadow Dawn Ln (2705-2759) And Meadow Bluff Ln (2706-2756),,,260899,260899,0,0,0,0
2016,Alley Reconstruction,131,Street And Thoroughfare,Meadow Dawn Ln (2706-2760) And Meadow Harvest Ln (2705-2759),,,166996,166996,0,0,0,0
2016,Alley Reconstruction,131,Street And Thoroughfare,Meadow Gate Ln (2703-2763) And Meadow Isle Ln (2704-2764),,,196885,196885,0,0,0,0
2016,Street Improvements,131,Street And Thoroughfare,Meadow Valley Ln from Reynoldston Ln to Caracas Dr.,,,267305,267305,0,0,0,0
2016,Complete Street,131,Street And Thoroughfare,Meadowcreek Drive Arapaho to Campbell,,,270135,270135,0,0,0,0
2016,Public Private Partnership,131,Street And Thoroughfare,Meek St. from Carbondale St. to Hull St.,,,132929,132929,0,0,0,0
2016,Street Reconstruction - Thoroughfares,132,Street And Thoroughfare,Merit from Park Central to Clodus Fields,,,1072747,1072747,0,0,0,0
2016,Target Neighborhood,132,Street And Thoroughfare,Mican Dr from Schofield Dr to end of pavement,,,497000,497000,0,0,0,0
2016,Street Petitions,132,Street And Thoroughfare,Michigan Ave from Saner Ave to Hobson Ave,,,444163,444163,0,0,0,0
2016,Alley Reconstruction,132,Street And Thoroughfare,Midbury Dr (7806-7848) And Northaven Rd (7807-7847),,,132107,132107,0,0,0,0
2016,Street Reconstruction - Local Streets,132,Street And Thoroughfare,Mingo Street from Dolphin to Gault,,,304300,304300,0,0,0,0
2016,Alley Reconstruction,132,Street And Thoroughfare,Misty Meadow Dr (3403-3523) And Meadowchase Way (17903-17923),,,347145,347145,0,0,0,0
2016,Street Resurfacing,132,Street And Thoroughfare,Misty Trl from Golden Creek Rd to Warm Mist Ln,2017,2017,0,85300,85300,0,0,0
2016,Complete Street,132,Street And Thoroughfare,MLK Blvd from R.B. Cullum to S.M. Wright,,,587096,587096,0,0,0,0
2016,Bridge Repair and Modification,133,Street And Thoroughfare,Mockingbird Lane Bridge at Santa Barbara Dr,,,4093,4093,0,0,0,0
2016,Street Resurfacing,133,Street And Thoroughfare,Mockingbird Ln (W) from Maple to Harry Hines,,,1094976,1094976,0,0,0,0
2016,Street Resurfacing,133,Street And Thoroughfare,Montclair Ave from Brooklyn Ave to Clarendon Dr,2017,2017,0,165300,165300,0,0,0
2016,Street Reconstruction - Local Streets,133,Street And Thoroughfare,Montie St from Scyene Rd To Junction St,,,860400,860400,0,0,0,0
2016,Street Resurfacing,133,Street And Thoroughfare,Montreal Ave (S) from Clarendon Dr to Brandon St,2017,2017,0,157500,157500,0,0,0
2016,Thoroughfares,133,Street And Thoroughfare,Motor St.,,,16607593,16607593,0,0,0,0
2016,Intergovernmental Partnership Projects,133,Street And Thoroughfare,Mountain Creek Parkway from 2400’ Southeast of Eagle Ford to Clark Road,2017,2017,5325000,6701000,1376000,0,0,0
2016,Alley Petitions,133,Street And Thoroughfare,Mt. Nebo Street and Mt. Shasta Street from Mt. Royal Street to Mt. Ranier Street,,,253120,253120,0,0,0,0
2016,Street Reconstruction - Thoroughfares,133,Street And Thoroughfare,Munger Blvd (N) from Rieger to Tremont,,,1293596,1293596,0,0,0,0
2016,Street Resurfacing,134,Street And Thoroughfare,Norcross from Webb Chapel to Cromwell,,,294500,294500,0,0,0,0
2016,Street Reconstruction,134,Street And Thoroughfare,North Beckley Ave at Commer Street ~SREC,,,3566089,3566089,0,0,0,0
2016,Trails,134,Street And Thoroughfare,Northaven Trail Extension,,,1710600,1710600,0,0,0,0
2016,Sidewalk Improvements,134,Street And Thoroughfare,Oak Cliff Gardens Walkability Improvements,,,118033,118033,0,0,0,0
2016,Street Resurfacing,134,Street And Thoroughfare,Ocalla Ave from Garland Rd to San Fernando Way,2017,2017,0,88100,88100,0,0,0
2016,Street Resurfacing,134,Street And Thoroughfare,Old Ox Rd from Red Bird Ln to Trade Winds Dr,2017,2017,0,196900,196900,0,0,0
2016,Traffic Signal Upgrades,134,Street And Thoroughfare,Olive St. at Ross,,,92233,92233,0,0,0,0
2016,Street Resurfacing,134,Street And Thoroughfare,Olusta Dr from Oklaunion Dr to Murdock Rd,2017,2017,0,205100,205100,0,0,0
2016,Streetscape/Urban Design,134,Street And Thoroughfare,Omni Convention Center Hotel/CCT Street Infra Project,,,2078117,2078117,0,0,0,0
2016,Street Reconstruction - Thoroughfares,134,Street And Thoroughfare,Overton Rd (E) from Biglow to Garrison,,,243347,243347,0,0,0,0
2016,Alley Reconstruction,135,Street And Thoroughfare,Overwood Rd (9406-9536) And Parkford Dr (9407-9529),,,291968,291968,0,0,0,0
2016,Street Petitions,135,Street And Thoroughfare,Palacios Ave from Ottawa Rd to Canada Dr,,,469034,469034,0,0,0,0
2016,Alley Reconstruction,135,Street And Thoroughfare,Park Grove Ln (18627-18851) And Kirkmeadow Ln (4007-4131),,,302500,302500,0,0,0,0
2016,Participation With Other Government Agencies - Thoroughfares,135,Street And Thoroughfare,Park Ln.,2017,2017,1580369,2537594,957225,0,0,0
2016,Bridge Repair and Modification,135,Street And Thoroughfare,Park Ln. Bridge Over Bachman Branch,,,9742,9742,0,0,0,0
2016,Street Resurfacing,135,Street And Thoroughfare,Park Ln. from Thackery St to Hillcrest Rd,,,171400,171400,0,0,0,0
2016,Alley Reconstruction,135,Street And Thoroughfare,Parkford Dr (9819-9963) And Ridgehaven Dr (9806-9950),,,346960,346960,0,0,0,0
2016,Street Resurfacing,136,Street And Thoroughfare,Parkshire Lizshire Sanshire Danashire Debshire Clayshire Pegshire,2017,2017,0,371200,371200,0,0,0
2016,Street Improvements,136,Street And Thoroughfare,Partial Reconstruction of Major Thoroughfares,,,5000000,5000000,0,0,0,0
2016,Thoroughfares,136,Street And Thoroughfare,Pearl -Commerce to Live Oak,,,4425518,4425518,0,0,0,0
2016,Street Resurfacing,136,Street And Thoroughfare,Peavy Rd from E. Lake Highlands Dr to Northcliff Dr,,,382088,382088,0,0,0,0
2016,Streetscape/Urban Design,136,Street And Thoroughfare,Pedestrian Way on Elm St. between Ervay and Stone St.,,,157772,157772,0,0,0,0
2016,Street Resurfacing,136,Street And Thoroughfare,Pensive from Walnut Hill to Merrell,,,327900,327900,0,0,0,0
2016,Sidewalk Improvements,136,Street And Thoroughfare,Perryton Dr. Sidewalk Connection,,,100000,100000,0,0,0,0
2016,Target Neighborhood,136,Street And Thoroughfare,Phoenix from Fair Oaks to Holly Hill,2017,2017,851950,857200,5250,0,0,0
2016,Street Resurfacing,136,Street And Thoroughfare,Polk St (S) from Town Creek Drive to Brook Valley Lane,2017,2017,0,98800,98800,0,0,0
2016,Street Resurfacing,137,Street And Thoroughfare,Polk St from Jefferson Blvd to Davis,,,474600,474600,0,0,0,0
2016,Target Neighborhood,137,Street And Thoroughfare,Polk St. (S),,,3152734,3152734,0,0,0,0
2016,Traffic Intersection Capacity and Safety Improvement,137,Street And Thoroughfare,Polk/Tyler Roundabouts,2017,2017,1576784,3856209,2279425,0,0,0
2016,Intergovernmental Partnership Projects,137,Street And Thoroughfare,Preston Rd. at Royal Ln. (CMAQ),,,15000,15000,0,0,0,0
2016,Intergovernmental Partnership Projects,137,Street And Thoroughfare,Preston Road at Beltline (CMAQ),,,15000,15000,0,0,0,0
2016,Street Resurfacing,137,Street And Thoroughfare,Prestonshire from Tulane to Edgemere,,,162800,162800,0,0,0,0
2016,Alley Reconstruction,138,Street And Thoroughfare,Racine Dr (6507-6711) And Autumn Woods Trl (6506-6658),,,418588,418588,0,0,0,0
2016,Street Resurfacing,138,Street And Thoroughfare,Racine Dr from Kirnwood to Cleardale,2017,2017,0,150400,150400,0,0,0
2016,Intergovernmental Partnership Projects,138,Street And Thoroughfare,Railroad Coordination for City Projects,,,47472,47472,0,0,0,0
2016,Thoroughfares,138,Street And Thoroughfare,Red Bird Lane and Polk Street,,,329768,329768,0,0,0,0
2016,Street Reconstruction - Local Streets,138,Street And Thoroughfare,Red Fern Ln From Coit Rd To Blossomheath Ln,,,601311,601311,0,0,0,0
2016,Street Reconstruction - Local Streets,138,Street And Thoroughfare,Reynoldston from Hampton to Heather Glen,,,236199,236199,0,0,0,0
2016,Street Resurfacing,138,Street And Thoroughfare,Rialto Dr from Glen Regal Dr to Bunche Dr,2017,2017,0,73000,73000,0,0,0
2016,Studies and Master Plans,139,Street And Thoroughfare,Right-of-Way Data Collection & Analysis,2017,2017,400000,1530229,1130229,0,0,0
2016,Street Reconstruction - Local Streets,139,Street And Thoroughfare,Rilla Ave from Dasch St To Hillburn Dr,,,55661,55661,0,0,0,0
2016,Intergovernmental Partnership Projects,139,Street And Thoroughfare,Riverfront Blvd.,2017,2017,2663565,4271644,1608079,0,0,0
2016,Street Resurfacing,139,Street And Thoroughfare,Roanoke Ave from Huron Dr to Mohawk Dr,2017,2017,0,53800,53800,0,0,0
2016,Street Petitions,139,Street And Thoroughfare,Rockwood St from Jerden Ln to Pembroke Ave,,,966050,966050,0,0,0,0
2016,Street Reconstruction - Local Streets,139,Street And Thoroughfare,Rocky Ridge Rd From E Ledbetter Dr To Woodacre Dr,,,464452,464452,0,0,0,0
2016,Street Resurfacing,139,Street And Thoroughfare,Rolling Vista Dr from Woodbriar Dr to Harvest Glen Dr,,,168900,168900,0,0,0,0
2016,Street Resurfacing,139,Street And Thoroughfare,Ross Ave from N. Field St to Crockette St,,,441000,441000,0,0,0,0
2016,Alley Reconstruction,140,Street And Thoroughfare,Roundrock Rd (7707-7823) And Briaridge Rd (7708-7820),,,168994,168994,0,0,0,0
2016,Thoroughfares,140,Street And Thoroughfare,Routh St.,,,3041199,3041199,0,0,0,0
2016,Streetscape/Urban Design,140,Street And Thoroughfare,Royal Lane at Denton,,,500000,500000,0,0,0,0
2016,Street Resurfacing,140,Street And Thoroughfare,Royal Ln from Marsh Lane to Cox Lane,,,391100,391100,0,0,0,0
2016,Trails,140,Street And Thoroughfare,Runyon Creek Greenbelt Trail (Glendale Park Loop Trail from Wagon Wheels Trl. and Lazy River Dr. south along Ricketts Br.),2017,2017,3399417,3676010,276593,0,0,0
2016,Street Resurfacing,140,Street And Thoroughfare,Rupley Ln from Sunland St to Jupiter Rd,,,166873,166873,0,0,0,0
2016,Alley Reconstruction,140,Street And Thoroughfare,Rustic Valley Dr (7238-7420) And Echo Bluff Dr (7104-7132),,,409600,409600,0,0,0,0
2016,Street Petitions,140,Street And Thoroughfare,San Leon Ave.,,,614528,614528,0,0,0,0
2016,Street Resurfacing,140,Street And Thoroughfare,Santa Clara Dr from Lakeland Dr to Ocalla Ave,,,242400,242400,0,0,0,0
2016,Street Resurfacing,141,Street And Thoroughfare,Sebring Dr from Tioga St to Soft Wind Dr,2017,2017,0,176500,176500,0,0,0
2016,Alley Reconstruction,141,Street And Thoroughfare,Seedling Ln (2304-2524) And Old Mill Rd (2311-2519),,,431312,431312,0,0,0,0
2016,Intergovernmental Partnership Projects,141,Street And Thoroughfare,SH-78,,,230000,230000,0,0,0,0
2016,Street Resurfacing,141,Street And Thoroughfare,Shady Bend from Midway to Haydale,2017,2017,0,205900,205900,0,0,0
2016,Street Resurfacing,141,Street And Thoroughfare,Shiloh Rd from Blyth Dr to Lockhart Ave,,,376400,376400,0,0,0,0
2016,Street Resurfacing,141,Street And Thoroughfare,Shiloh Rd from Oates Dr to Larry Dr,,,177900,177900,0,0,0,0
2016,Alley Reconstruction,141,Street And Thoroughfare,Shoreview Rd (9222-9246) And Deer Trail Dr (8044-8044),,,74195,74195,0,0,0,0
2016,Alley Reconstruction,141,Street And Thoroughfare,Shoreview Rd (9506-9748) And Audelia Rd (8725-8725),,,406672,406672,0,0,0,0
2016,Alley Petitions,141,Street And Thoroughfare,Shoreview Road from Forest Trail to Nimrod Trail,,,188638,188638,0,0,0,0
2016,Sidewalk Improvements,142,Street And Thoroughfare,Sidewalk Improvements,,,506165,506165,0,0,0,0
2016,Sidewalk Improvements,142,Street And Thoroughfare,Sidewalk Improvements and Barrier Free Ramps,,,1077880,1077880,0,0,0,0
2016,Sidewalk Improvements,142,Street And Thoroughfare,Sidewalk Improvements District 12,,,7749,7749,0,0,0,0
2016,Sidewalk Improvements,142,Street And Thoroughfare,Sidewalk Improvements District 2,,,74541,74541,0,0,0,0
2016,Sidewalk Improvements,142,Street And Thoroughfare,Sidewalk Improvements District 4,2017,2017,168402,288200,119798,0,0,0
2016,Street Resurfacing,142,Street And Thoroughfare,Silvery Moon Dr from Singing Hills Dr To Silvery Moon Cir,,,139932,139932,0,0,0,0
2016,Street Resurfacing,142,Street And Thoroughfare,Sondra Dr from Hillside Dr to Wendover Rd,,,254441,254441,0,0,0,0
2016,Intergovernmental Partnership Projects,142,Street And Thoroughfare,SOPAC Trail Phase 3 (East Dallas Veloway),,,2081882,2081882,0,0,0,0
2016,Street Reconstruction - Local Streets,142,Street And Thoroughfare,Southview Ln From Coit Rd To Blossomheath Ln,,,486021,486021,0,0,0,0
2016,Street Resurfacing,143,Street And Thoroughfare,Southwell Rd from Harry Hines Blvd to Denton Dr,2017,2017,22568,62600,40032,0,0,0
2016,Alley Reconstruction,143,Street And Thoroughfare,Spring Creek Rd (14906-15022) And Hillfawn Cir (7906-7916),,,173094,173094,0,0,0,0
2016,Street Resurfacing,143,Street And Thoroughfare,Spring Glen Dr from Willow Glen Dr To Cedar Glen Dr,,,113872,113872,0,0,0,0
2016,Street Reconstruction - Local Streets,143,Street And Thoroughfare,Spring Grove from Alpha to Coit,,,2255500,2255500,0,0,0,0
2016,Intergovernmental Partnership Projects,143,Street And Thoroughfare,Spring Valley Rd from Coit Rd to Goldmark sidewalk and pedestrian improvements,,,152163,152163,0,0,0,0
2016,Intergovernmental Partnership Projects,143,Street And Thoroughfare,Spring Valley Rd. at Goldmark,,,146602,146602,0,0,0,0
2016,Street Resurfacing,143,Street And Thoroughfare,Squaw Valley from End of Pavement to Crested Butte Dr,2017,2017,0,124700,124700,0,0,0
2016,Alley Petitions,143,Street And Thoroughfare,State Street and Thomas Avenue from Routh Street to Boll Street,,,91238,91238,0,0,0,0
2016,Street Resurfacing,143,Street And Thoroughfare,Stefani Dr from Thackery St to Hillcrest Rd,2017,2017,0,128500,128500,0,0,0
2016,Street Petitions,144,Street And Thoroughfare,Stevens St from Cayuga Dr to Davilla Ave and Davilla Ave from Stevens St to Drake St,2017,2017,669375,673861,4486,0,0,0
2016,Street Reconstruction - Local Streets,144,Street And Thoroughfare,Stratton Dr from Calcutta Dr To Penguin Dr,,,186986,186986,0,0,0,0
2016,Street Resurfacing,144,Street And Thoroughfare,Strayhorn Dr from Barnes Bridge Rd to Plummer Dr,,,209035,209035,0,0,0,0
2016,Street Improvements,144,Street And Thoroughfare,Street and Alley Improvement Projects,2017,2017,16432000,36054501,19622501,0,0,0
2016,Sidewalk Improvements,144,Street And Thoroughfare,Street Assessment Funds,,,200000,200000,0,0,0,0
2016,Studies and Master Plans,144,Street And Thoroughfare,Street Design and Paving Manual,,,46000,46000,0,0,0,0
2016,Street Reconstruction - Local Streets,144,Street And Thoroughfare,Superior St from Catherine to W. Clarendon,,,1211906,1211906,0,0,0,0
2016,Street Reconstruction - Local Streets,144,Street And Thoroughfare,Sweet Sue Ln from Hidden Valley Dr to Camp Wisdom (E) Rd,,,981315,981315,0,0,0,0
2016,Thoroughfares,145,Street And Thoroughfare,Sylvan Ave. -W Commerce to Singleton,,,2545076,2545076,0,0,0,0
2016,Street Reconstruction - Local Streets,145,Street And Thoroughfare,Tacoma from Ann Arbor to Marjorie,,,608500,608500,0,0,0,0
2016,Thoroughfares,145,Street And Thoroughfare,Telephone Rd Phase II,,,4463643,4463643,0,0,0,0
2016,Street Resurfacing,145,Street And Thoroughfare,Tibbs St from Royal Ln to W Ricks Cir,,,206900,206900,0,0,0,0
2016,Alley Reconstruction,145,Street And Thoroughfare,Timber Creek Ln (6001-6037) And Gentle Knoll Ln (6002-6030),,,281310,281310,0,0,0,0
2016,Street Resurfacing,145,Street And Thoroughfare,Timberview from Pensive to Webb Chapel,,,294800,294800,0,0,0,0
2016,Street Resurfacing,145,Street And Thoroughfare,Tisinger Ave from Aledo Dr to Estacado Dr,,,149200,149200,0,0,0,0
2016,Street Resurfacing,145,Street And Thoroughfare,Tomlinson St from Graystone Dr to Meandering Way,2017,2017,0,98200,98200,0,0,0
2016,Alley Reconstruction,145,Street And Thoroughfare,Townsley Ct (17203-17215),,,114846,114846,0,0,0,0
2016,Intergovernmental Partnership Projects,145,Street And Thoroughfare,Traffic Accident Reduction Roadway Improvements,,,649266,649266,0,0,0,0
2016,Traffic Signal Control Equipment Upgrades,146,Street And Thoroughfare,Traffic Signal Control Equipment Upgrades - Citywide,,,1155513,1155513,0,0,0,0
2016,Trails,146,Street And Thoroughfare,Trail from Timberglen Park to Barry Barker Park,,,2085328,2085328,0,0,0,0
2016,Street Reconstruction - Local Streets,146,Street And Thoroughfare,Trails End from Berry Trl to Arapaho Rd,,,1428432,1428432,0,0,0,0
2016,Warranted Signals and School Flashers,146,Street And Thoroughfare,Transit Signal Priority System,,,4000000,4000000,0,0,0,0
2016,Participation With Other Government Agencies - Intersections,146,Street And Thoroughfare,Transportation Systems,,,111090,111090,0,0,0,0
2016,Alley Reconstruction,146,Street And Thoroughfare,Tree Shadow Trl (5902-5942) And Flintshire Ct (5901-5923),,,244900,244900,0,0,0,0
2016,Trails,146,Street And Thoroughfare,Trinity River Trail from Sylvan to Moore Park,,,4963437,4963437,0,0,0,0
2016,Trails,146,Street And Thoroughfare,Trinity Strand Phase 2 from IH 35 at Oak Lawn to DART's Inwood Station,,,428164,428164,0,0,0,0
2016,Hike and Bike Trails,146,Street And Thoroughfare,Trinity Trails Phase II-B,,,86840,86840,0,0,0,0
2016,Street Resurfacing,147,Street And Thoroughfare,Tumbling Creek Trl from Leaning Oaks St to Alta Mesa Dr,2017,2017,0,152100,152100,0,0,0
2016,Street Resurfacing,147,Street And Thoroughfare,Underwood St from Kilburn Ave To Modree Ave,2017,2017,0,34200,34200,0,0,0
2016,Intergovernmental Partnership Projects,147,Street And Thoroughfare,Valley View and Walnut,,,1107540,1107540,0,0,0,0
2016,Street Resurfacing,147,Street And Thoroughfare,Velasco Ave from Abrams Rd to Pearson Dr,,,253352,253352,0,0,0,0
2016,Intergovernmental Partnership Projects,147,Street And Thoroughfare,Walnut Hill,,,3888863,3888863,0,0,0,0
2016,Streetscape/Urban Design,147,Street And Thoroughfare,Walnut Hill at Harry Hines,,,703819,703819,0,0,0,0
2016,Warranted Signals and School Flashers,147,Street And Thoroughfare,Warranted Signals and School Flashers (On-Demand),,,4041655,4041655,0,0,0,0
2016,Street Resurfacing,147,Street And Thoroughfare,Waterview Rd from Buckner Blvd to dead end,,,166000,166000,0,0,0,0
2016,Street Petitions,147,Street And Thoroughfare,Watson Dr.,,,863069,863069,0,0,0,0
2016,Street Reconstruction - Local Streets,148,Street And Thoroughfare,Weeburn from Marsh to Mid Pines,,,754100,754100,0,0,0,0
2016,Streetscape/Urban Design,148,Street And Thoroughfare,West End Plaza,2017,2017,4467050,4807050,340000,0,0,0
2016,Street Resurfacing,148,Street And Thoroughfare,West Shore Dr from Tokalon Dr to Meadow Lake Ave,,,296921,296921,0,0,0,0
2016,Street Resurfacing,148,Street And Thoroughfare,Western St from Sunnyside Ave to Cockrell Hill Rd,2017,2017,0,103000,103000,0,0,0
2016,Thoroughfares,148,Street And Thoroughfare,Wheatland,,,5647188,5647188,0,0,0,0
2016,Sidewalk Improvements,148,Street And Thoroughfare,White Rock Creek Trail Access Paths and Sidewalk Connection,,,220000,220000,0,0,0,0
2016,Street Resurfacing,148,Street And Thoroughfare,White Rose Trl from end of pavement to Trails End Dr,,,100100,100100,0,0,0,0
2016,Street Resurfacing,149,Street And Thoroughfare,Wonderland Trl from Northaven Rd to Peter Pan Dr,2017,2017,0,269200,269200,0,0,0
2016,Street Reconstruction - Local Streets,149,Street And Thoroughfare,Woodmeadow from La Prada west to the end of divided roadway,,,1705003,1705003,0,0,0,0
2016,Bridge Repair and Modification,149,Street And Thoroughfare,Woodmeadow Parkway over Long Branch,,,48660,48660,0,0,0,0
2016,Street Resurfacing,149,Street And Thoroughfare,Woodshire Dr from Kirnwood Dr to Clearwood Dr,,,330534,330534,0,0,0,0
2016,Target Neighborhood,149,Street And Thoroughfare,Yancy St from Carbondale St to Saipan St,,,501650,501650,0,0,0,0
2016,Trinity River Projects,153,Trinity River Corridor,Beckley Ave. Extension,,,5967117,5967117,0,0,0,0
2016,Trinity River Projects,153,Trinity River Corridor,Cedar Crest Bridge Pedestrian and Bicycle Enhancements,,,7708653,7708653,0,0,0,0
2016,Trinity River Projects,153,Trinity River Corridor,Dallas Floodway Extension,,,50644689,50644689,0,0,0,0
2016,Trinity River Projects,153,Trinity River Corridor,Great Trinity Forest Park,,,65816671,65816671,0,0,0,0
2016,Trinity River Projects,153,Trinity River Corridor,IH-30 Pedestrian and Bicycle Bridge Construction,,,8438228,8438228,0,0,0,0
2016,Hike and Bike Trails,153,Trinity River Corridor,Joppa Connector Trail Project,,,2573577,2573577,0,0,0,0
2016,Trinity River Projects,154,Trinity River Corridor,Trinity Lakes Phase I,,,1054357,1054357,0,0,0,0
2016,Trinity River Projects,154,Trinity River Corridor,Trinity Parkway Corridor Transportation Projects,,,119238999,119238999,0,0,0,0
2016,Trinity River Projects,154,Trinity River Corridor,Trinity River Chain of Lakes,,,30625725,30625725,0,0,0,0
2016,Service Centers Offices and Research Facilities,159,Water Utilities,Automated Meter Reading Project (AMR),,,5000000,5000000,0,0,0,0
2016,Water Treatment Plants and Associated Facilities,159,Water Utilities,Bachman Water Treatment Plant,2018,2019,127606307,172106307,0,7000000,10000000,27500000
2016,Wastewater Treatment Plants and Associated Facilities,159,Water Utilities,Central Wastewater Treatment Plant,2017,2019,274553557,376253557,500000,18000000,33000000,50200000
2016,Water Treatment Plants and Associated Facilities,159,Water Utilities,East Side Water Treatment Plant,2017,2019,310499605,392499605,11000000,32000000,8000000,31000000
2016,Water Treatment Plants and Associated Facilities,159,Water Utilities,Elm Fork Water Treatment Plant,2017,2019,172574263,521574263,67000000,47000000,37000000,198000000
2016,Service Centers Offices and Research Facilities,160,Water Utilities,Enterprise Billing System,,,21391000,21391000,0,0,0,0
2016,Homeowners and Unserved Areas,160,Water Utilities,Future Development Initiatives,,,17000000,17000000,0,0,0,0
2016,Public Art,160,Water Utilities,Public Art Program,2017,2019,3905500,4465500,119000,27000,223000,191000
2016,Raw Water Pumping and Transmission,160,Water Utilities,Raw Water Pumping and Transmission Facilities,2017,2019,73640488,163140488,12500000,1500000,11500000,64000000
2016,Mains Pump Stations and Associated Facilities,160,Water Utilities,Sewer Mains Interceptors and Lift Stations,2017,2019,359450895,539325895,29875000,41175000,42075000,66750000
2016,Wastewater Treatment Plants and Associated Facilities,161,Water Utilities,Southside Wastewater Treatment Plant,2017,2019,218977218,339477218,26000000,13000000,14000000,67500000
2016,Studies and Master Plans,161,Water Utilities,Studies and Master Plans,,,200000,200000,0,0,0,0
2016,Water Supply Reservoirs and Dams,161,Water Utilities,Supply Reservoirs and Dams,2017,2019,57494895,75994895,7000000,5000000,5000000,1500000
2016,Inflow/Infiltration Remediation,161,Water Utilities,Wastewater Administrative Order,,,29038136,29038136,0,0,0,0
2016,Rehabilitation and Equipment,161,Water Utilities,Wastewater Facilities Repairs and Rehabilitation,2017,2019,79675797,100919797,3844000,3850000,4350000,9200000
2016,Homeowners and Unserved Areas,161,Water Utilities,Wastewater Homeowners Unserved Areas Extensions and Improvements,2017,2019,34913848,40913848,2000000,1000000,1000000,2000000
2016,Relocations In Advance of Paving,162,Water Utilities,Wastewater Relocations,2017,2019,68214407,116214407,17000000,10000000,7000000,14000000
2016,Service Centers Offices and Research Facilities,162,Water Utilities,Wastewater Service Centers Offices and Research Facilities,2017,2018,9724747,12724747,1000000,2000000,0,0
2016,Studies and Master Plans,162,Water Utilities,Wastewater Studies and Master Plans,2018,2019,24897803,32397803,0,1500000,1500000,4500000
2016,Wholesale Customer Facilities,162,Water Utilities,Wastewater Wholesale Customer Facilities,,,25365,25365,0,0,0,0
2016,Rehabilitation and Equipment,162,Water Utilities,Water Facilities Repairs and Rehabilitation,2017,2019,142597901,188355901,9158000,9150000,9150000,18300000
2016,Homeowners and Unserved Areas,163,Water Utilities,Water Homeowners Unserved Areas Extensions and Improvements,2017,2019,80402812,88402812,2000000,1500000,1500000,3000000
2016,Mains Pump Stations and Associated Facilities,163,Water Utilities,Water Mains Pumping and Storage Facilities,2017,2019,520805549,1003430549,107525000,108525000,99525000,167050000
2016,Relocations In Advance of Paving,163,Water Utilities,Water Relocations Due to Paving,2017,2019,151093121,189093121,8500000,8500000,7000000,14000000
2016,Service Centers Offices and Research Facilities,163,Water Utilities,Water Service Centers Offices and Research Facilities,2017,2019,49751317,70751317,5000000,7000000,3000000,6000000
2016,Studies and Master Plans,164,Water Utilities,Water Studies and Master Plans,2017,2019,36284974,42359974,1000000,3275000,250000,1550000
2016,Wholesale Customer Facilities,164,Water Utilities,Water Wholesale Customer Facilities,2017,2019,3886119,6386119,500000,500000,500000,1000000
