cip_year,project_type,source_page,department,project_name,project_id,address_location,start_year,end_year,project_description,project_justification,previous_appropriations,project_total,year_2024,year_2025,year_2026,year_2027,year_2028,year_2029,validation_label,notes
2023,PHILADELPHIA INTERNATIONAL AIRPORT,35,AVIATION,Airfield Area,AVN.2.1,,,,"This program includes the areas of the Airport reserved for XN XN —XN_XN_ XN aircraft operations and aircraft-related activities, and other SB SB SB SB SB appurtenances on the Airport related to the use of the Airport. FB FB FB FB FB",,,,,,,,,,incorrect,
2023,PHILADELPHIA INTERNATIONAL AIRPORT,35,AVIATION,Airfield Area-FY23,AVN.2A,,2029,2029,See description under line item 2 XT,,,28000,,,,,,28000,corrected,
2023,PHILADELPHIA INTERNATIONAL AIRPORT,36,AVIATION,Terminal Area,AVN.3.1,,2024,2029,"This program includes the Airport passenger terminal buildings, including the areas available for baggage handling systems, and the sidewalk and curb adjacent to the landside of the terminal buildings:",,,237390,145190,18019,15962,8513,24798,24908,,
2023,PHILADELPHIA INTERNATIONAL AIRPORT,36,AVIATION,Terminal Area-FY23,AVN.3A,,2024,2024,See description under line item 3.,,,15000,15000,,,,,,corrected,
2023,PHILADELPHIA INTERNATIONAL AIRPORT,36,AVIATION,Outside Terminal Area (OTA),AVN.4.14,,2024,2029,"This includes the Airport arrival and departure program roadways, and areas on which a hotel, parking facilities, and car rental entities operate.",,,138541,79550,967,13787,14350,14709,15178,corrected,
2023,PHILADELPHIA INTERNATIONAL AIRPORT,37,AVIATION,Outside Terminal Area (OTA)-FY23,AVN.4A,,2024,2024,See description under line item 4.,,,20000,20000,,,,,,corrected,
2023,PHILADELPHIA INTERNATIONAL AIRPORT,37,AVIATION,Other Airport Services,AVN.5.1,,2024,2029,"This program includes expenses and airport revenues which are not directly accounted for in the Airfield Area, Terminal Area, or Outside Terminal Area. Also included here are PNE projects.",,,118872,31400,17400,16951,17140,17881,18100,corrected,
2023,COMMERCIAL DEVELOPMENT,42,COMMERCE,Neighborhood Commercial Centers-Site Improvements,COM.6.1,,2024,2029,"Upgrade curbs, sidewalks, lighting, landscaping, and parking in commercial corridors to complement public and private investment.",,,13500,1000,2500,2500,2500,2500,2500,edited,
2023,COMMERCIAL DEVELOPMENT,42,COMMERCE,Market East Public Infrastructure,COM.6.2,,2024,2024,"Fund improvements to infrastructure in Market Street East area of Center City to support additional commercial, residential, and retail development.",,,1500,1500,,,,,,,
2023,COMMERCIAL DEVELOPMENT,42,COMMERCE,Neighborhood Commercial Centers - Site Improvements-FY23,COM.6A,,2024,2024,See description under line item 6.,,,5000,5000,,,,,,corrected,
2023,COMMERCIAL DEVELOPMENT,42,COMMERCE,Neighborhood Commercial Centers - Site Improvements-FY22,COM.6B,,2024,2024,See description under line item 6.,,,5100,5100,,,,,,corrected,
2023,COMMERCIAL DEVELOPMENT,43,COMMERCE,Neighborhood Commercial Centers - Site Improvements-FY21,COM.6C,,2024,2024,See description under line item 6. D. Neighborhood Commercial Centers - Site Improvements-FY See description under line item 6. E. Neighborhood Commercial Centers - Site Improvements-FY See description under line item 6. F. Neighborhood Commercial Centers - Site Improvements-FY See description under line item 6. G. Neighborhood Commercial Centers - Site Improvements-FY See description under line item 6.,,,5140,5140,,,,,,corrected,
2023,INDUSTRIAL DEVELOPMENT.,44,COMMERCE,Lower Schuylkill River Industrial District,COM.7.1,,2024,2028,"Design, fabrication & installation of streetscape improvements to support development sites in the Innovation District portion of the Lower Schuylkill River.",,,2000,500,,500,500,500,,,
2023,INDUSTRIAL DEVELOPMENT.,44,COMMERCE,Industrial Districts-FY23,COM.7A,,2024,2024,See description under line item 7.,,,500,500,,,,,,corrected,
2023,INDUSTRIAL DEVELOPMENT.,45,COMMERCE,Industrial Districts-FY22,COM.7B,,2024,2024,See description under line item 7.,,,500,500,,,,,,corrected,
2023,INDUSTRIAL DEVELOPMENT.,45,COMMERCE,Industrial Districts-FY21,COM.7C,,2024,2024,See description under line item 7 D. Industrial Districts-FY See description under line item 7. E. Industrial Districts-FY See description under line item 7.,,,1000,1000,,,,,,corrected,
2023,INDUSTRIAL DEVELOPMENT.,45,COMMERCE,Navy Yard Infrastructure Improvements,COM.8.1,,2024,2025,Make infrastructure improvements in support of public and private development.,,,5500,1250,4250,,,,,,
2023,INDUSTRIAL DEVELOPMENT.,46,COMMERCE,Navy Yard Infrastructure Improvements-FY23,COM.8A,,2024,2024,See description under line item 8.,,,1750,1750,,,,,,corrected,
2023,INDUSTRIAL DEVELOPMENT.,46,COMMERCE,Navy Yard Infrastructure Improvements-FY17,COM.8B,,2024,2024,See description under line item 8.,,,3900,3900,,,,,,corrected,
2023,INDUSTRIAL DEVELOPMENT.,46,COMMERCE,Environmental Assessment/Remediation,COM.9.1,,2026,2027,Provide environmental assessment and remedial assistance to City properties with contamination issues.,,,1000,,,500,500,,,,
2023,INDUSTRIAL DEVELOPMENT.,46,COMMERCE,"Improvements, Engineering and Administration",COM.10.14,,2024,2029,"Conduct architectural, and environmental studies engineering, related to land acquisition and development.",,,78000,15000,15000,12000,12000,12000,12000,,
2023,INDUSTRIAL DEVELOPMENT.,47,COMMERCE,Acquisition and Improvements,COM.11.1,,2024,2029,Purchase and improve industrial sites throughout Philadelphia,,,160002,40000,,20000,,,100002,,
2023,WATERFRONT IMPROVEMENTS,48,COMMERCE,Penn's Landing Improvements,COM.12.1,,2024,2027,Make improvements to Penn's Landing.,,,39000,6000,18000,8000,7000,,,corrected,
2023,WATERFRONT IMPROVEMENTS,48,COMMERCE,Master Plan Implementation,COM.12.2,,2024,2026,"Implement the Central Delaware Waterfront Master Plan through construction, improvement, or acquisition of City assets.",,,1500,500,,1000,,,,,
2023,WATERFRONT IMPROVEMENTS,48,COMMERCE,General Site Improvements,COM.12.3,,2024,2029,Implement infrastructure and site improvements support of in public and private development.,,,7000,2000,,1000,1000,1500,1500,,
2023,WATERFRONT IMPROVEMENTS,48,COMMERCE,Central Delaware River Waterfront-FY23,COM.12A,,2024,2024,See description under line item 12.,,,13500,13500,,,,,,corrected,
2023,WATERFRONT IMPROVEMENTS,48,COMMERCE,Central Delaware River Waterfront-FY17,COM.12B,,2024,2024,See description under line item 12.,,,5110,5110,,,,,,corrected,
2023,WATERFRONT IMPROVEMENTS,49,COMMERCE,Central Delaware River Waterfront-FY16,COM.12C,,2024,2024,See description under line item 12.,,,25000,25000,,,,,,corrected,
2023,WATERFRONT IMPROVEMENTS,49,COMMERCE,Schuylkill Riverfront Improvements.,COM.13.1,,2024,2029,Complement public and private reinvestment through capital improvements to the Schuylkill River Trail,,,9000,2000,,2000,2000,1500,1500,,
2023,WATERFRONT IMPROVEMENTS,49,COMMERCE,Schuylkill River Waterfront-FY23,COM.13A,,2024,2024,See description under line item 13.,,,5087,5087,,,,,,corrected,
2023,WATERFRONT IMPROVEMENTS,49,COMMERCE,Schuylkill River Waterfront-FY22,COM.13B,,2024,2024,See description under line item 13.,,,1000,1000,,,,,,corrected,
2023,WATERFRONT IMPROVEMENTS,49,COMMERCE,Schuylkill River Waterfront-FY21,COM.13C,,2024,2024,See description under line item 13.,,,3500,3500,,,,,,corrected,
2023,WATERFRONT IMPROVEMENTS,51,COMMERCE,North Delaware River Waterfront,COM.14.1,,2024,2028,Complement public and and help private reinvestment implement the Greenway Master Plan through public improvements along the North Delaware Greenway.,,,1725,500,275,275,175,500,,,
2023,WATERFRONT IMPROVEMENTS,51,COMMERCE,North Delaware River Waterfront-FY23,COM.14A,,2024,2024,See description under line item 14.,,,1000,1000,,,,,,corrected,
2023,WATERFRONT IMPROVEMENTS,51,COMMERCE,North Delaware River Waterfront-FY22,COM.14B,,2024,2024,See description under line item 14.,,,400,400,,,,,,corrected,
2023,WATERFRONT IMPROVEMENTS,51,COMMERCE,North Delaware River Waterfront-FY17,COM.14C,,2024,2024,See description under line item 14. D. North Delaware River Waterfront-FY See description under line item 14,,,2970,2970,,,,,,,
2023,WATERFRONT IMPROVEMENTS,52,COMMERCE,North Delaware River Waterfront-FY15,COM.14,,2024,2024,See description under line item 14.,,,236,236,,,,,,corrected,
2023,CAPITAL PROJECTS,56,FINANCE,Administration - ITEF,FIN.15.1,,2024,2029,Fund critical renovations and other improvements to City-owned facilities.,,,16000,11000,1000,1000,1000,1000,1000,corrected,
2023,CAPITAL PROJECTS,56,FINANCE,Improvements to Facilities-FY23,FIN.15A,,2024,2024,See description under line item 15.,,,1500,1500,,,,,,corrected,
2023,CAPITAL PROJECTS,56,FINANCE,Improvements to Facilities-FY22,FIN.15B,,2024,2024,See description under line item 15.,,,1500,1500,,,,,,corrected,
2023,CAPITAL PROJECTS,57,FINANCE,Improvements to Facilities-FY21,FIN.15C,,2024,2024,See description under line item 15. D. Improvements to Facilities-FY See description under line item 15. E. Improvements to Facilities-FY See description under line item 15. F. Improvements to Facilities-FY See description under line item 15. G. Improvements to Facilities-FY See description under line item 15.,,,22222,22222,,,,,,corrected,
2023,CAPITAL PROJECTS,58,FINANCE,Improvements to Facilities-FY15,FIN.151,,2024,2024,See description under line item 15. J. Improvements to Facilities-FY See description under line item 15.,,,259,259,,,,,,corrected,
2023,CAPITAL PROJECTS,58,FINANCE,City Council - ITEF CD1,FIN.16.1,,2024,2029,Fund critical renovations and other improvements to City-owned sites as needed,,,7400,4150,650,650,650,650,650,,
2023,CAPITAL PROJECTS,58,FINANCE,City Council - ITEF CD1-FY23,FIN.16A,,2024,2024,See description under line item 16.,,,510,510,,,,,,corrected,
2023,CAPITAL PROJECTS,59,FINANCE,City Council - ITEF CD1-FY22,FIN.16B,,2024,2024,See description under line item 16.,,,160,160,,,,,,corrected,
2023,CAPITAL PROJECTS,59,FINANCE,City Council - ITEF CD1-FY21,FIN.16C,,2024,2024,See description under line item 16. D. City Council - ITEF CD-FY See description under line item 16. E. City Council - ITEF CD-FY See description under line item 16. F. City Council - ITEF CD-FY See description under line item 16. G. City Council - ITEF CD-FY See description under line item 16.,,,475,475,,,,,,corrected,
2023,CAPITAL PROJECTS,60,FINANCE,City Council - ITEF CD1-FY15,FIN.161,,2024,2024,See description under line item 16. J. City Council - ITEF CD-FY See description under line item 16. K. City Council - ITEF CD-FY See description under line item 16.,,,48,48,,,,,,,
2023,CAPITAL PROJECTS,60,FINANCE,City Council - ITEF CD2,FIN.17.1,,2024,2029,Fund critical renovations and other improvements to City-owned sites as needed,,,4400,1150,650,650,650,650,650,,
2023,CAPITAL PROJECTS,61,FINANCE,City Council - ITEF CD2-FY23,FIN.17A,,2024,2024,See description under line item 17.,,,510,510,,,,,,corrected,
2023,CAPITAL PROJECTS,61,FINANCE,City Council - ITEF CD2-FY22,FIN.17B,,2024,2024,See description under line item 17,,,255,255,,,,,,,
2023,CAPITAL PROJECTS,61,FINANCE,City Council - ITEF CD2-FY21,FIN.17C,,2024,2024,See description under line item 17. D. City Council - ITEF CD-FY See description under line item 17. E. City Council - ITEF CD-FY See description under line item 17. F. City Council - ITEF CD-FY See description under line item 17.,,,363,363,,,,,,corrected,
2023,CAPITAL PROJECTS,62,FINANCE,City Council - ITEF CD2-FY15,FIN.171,,2024,2024,See description under line item 17. J. City Council - ITEF CD-FY See description under line item 17. K. City Council - ITEF CD-FY See description under line item 17. CT L. City Council - ITEF CD-FY See description under line item 17.,,,400,400,,,,,,corrected,
2023,CAPITAL PROJECTS,63,FINANCE,City Council - ITEF CD3,FIN.18.1,,2025,2027,Fund critical renovations and other improvements to City-owned sites as needed.,,,1950,,650,650,650,,,,
2023,CAPITAL PROJECTS,63,FINANCE,City Council - ITEF CD3-FY23,FIN.18A,,2024,2024,See description under line item 18.,,,510,510,,,,,,corrected,
2023,CAPITAL PROJECTS,63,FINANCE,City Council - ITEF CD3-FY22,FIN.18B,,2024,2024,See description under line item 18.,,,255,255,,,,,,corrected,
2023,CAPITAL PROJECTS,64,FINANCE,City Council - ITEF CD3-FY21,FIN.18C,,2024,2024,See description under line item 18. D. City Council - ITEF CD-FY See description under line item 18. S E. City Council - ITEF CD-FY See description under line item 18. F. City Council - ITEF CD-FY See description under line item 18. G. City Council - ITEF CD-FY See description under line item 18. H. City Council - ITEF CD-FY See description under line item 18.,,,2425,2425,,,,,,corrected,
2023,CAPITAL PROJECTS,65,FINANCE,City Council - ITEF CD3-FY14,FIN.181,,2024,2024,See description under line item 18. J. City Council - ITEF CD-FY See description under line item 18.,,,523,523,,,,,,corrected,
2023,CAPITAL PROJECTS,65,FINANCE,City Council - ITEF CD4,FIN.19.1,,2025,2027,Fund critical renovations and other improvements to City-owned sites as needed.,,,1950,,650,650,650,,,,
2023,CAPITAL PROJECTS,65,FINANCE,City Council - ITEF CD4-FY23,FIN.419A,,2024,2024,See description under line item 19.,,,510,510,,,,,,corrected,
2023,CAPITAL PROJECTS,65,FINANCE,City Council - ITEF CD4-FY22,FIN.19B,,2024,2024,See description under line item 19,,,219,219,,,,,,,
2023,CAPITAL PROJECTS,66,FINANCE,City Council - ITEF CD4-FY20,FIN.19C,,2024,2024,See description under line item 19. D. City Council - ITEF CD-FY See description under line item 19. E. City Council - ITEF CD-FY See description under line item 19. F. City Council - ITEF CD-FY See description under line item 19. G. City Council - ITEF CD-FY See description under line item 19. cT H. City Council - ITEF CD-FY See description under line item 19.,,,338,338,,,,,,corrected,
2023,CAPITAL PROJECTS,67,FINANCE,City Council - ITEF CD4-FY14,FIN.191,,2024,2024,See description under line item 19. J. City Council - ITEF CD-FY See description under line item 19. K. City Council - ITEF CD-FY See description under line item 19.,,,204,204,,,,,,corrected,
2023,CAPITAL PROJECTS,67,FINANCE,City Council - ITEF CDS,FIN.20.1,,2024,2029,Fund critical renovations and other improvements to City-owned sites as needed,,,7400,4150,650,650,650,650,650,,
2023,CAPITAL PROJECTS,67,FINANCE,City Council - ITEF CD5-FY23,FIN.20A,,2024,2024,See description under line item 20.,,,510,510,,,,,,corrected,
2023,CAPITAL PROJECTS,68,FINANCE,City Council - ITEF CD5-FY22,FIN.20B,,2024,2024,See description under line item 20.,,,255,255,,,,,,corrected,
2023,CAPITAL PROJECTS,68,FINANCE,City Council - ITEF CD5-FY21,FIN.20C,,2024,2024,See description under line item 20. D. City Council - ITEF CD-FY See description under line item 20. E. City Council - ITEF CD-FY See description under line item 20. F. City Council - ITEF CD-FY See description under line item 20. G. City Council - ITEF CD-FY See description under line item 20.,,,3185,3185,,,,,,corrected,
2023,CAPITAL PROJECTS,69,FINANCE,City Council - ITEF CD5-FY15,FIN.201,,2024,2024,"See description under line item 20. J. City Council - ITEF CD-FY See description under line item 20. K. City Council - ITEF CD-FY See description under line item 20. L. City Council - ITEF CD-FY See description under line item 20. OO M. City Council - ITEF CD-FY See description under line item 20,",,,799,799,,,,,,,
2023,CAPITAL PROJECTS,70,FINANCE,City Council ITEF CD6,FIN.21,,,,,,,,,,,,,,,
2023,CAPITAL PROJECTS,70,FINANCE,City Council - ITEF CD6,FIN.21.1,,2024,2029,Fund critical renovations and other improvements to City-owned sites as needed.,,,4400,1150,650,650,650,650,650,,
2023,CAPITAL PROJECTS,70,FINANCE,City Council - ITEF CD6-FY23,FIN.21A,,2024,2024,See description under line item 21,,,510,510,,,,,,,
2023,CAPITAL PROJECTS,70,FINANCE,City Council - ITEF CD6-FY22,FIN.21B,,2024,2024,See description under line item 21,,,122,122,,,,,,,
2023,CAPITAL PROJECTS,70,FINANCE,City Council - ITEF CD6-FY21,FIN.21C,,2024,2024,See description under line item 21 D. City Council - ITEF CD-FY See description under line item 21,,,1,1,,,,,,,
2023,CAPITAL PROJECTS,71,FINANCE,City Council - ITEF CD7,FIN.22.1,,2024,2029,Fund critical renovations and other improvements to City-owned sites as needed,,,4400,1150,650,650,650,650,650,,
2023,CAPITAL PROJECTS,72,FINANCE,City Council - ITEF CD7-FY23,FIN.22A,,2024,2024,See description under line item 22.,,,510,510,,,,,,corrected,
2023,CAPITAL PROJECTS,72,FINANCE,City Council - ITEF CD7-FY22,FIN.22B,,2024,2024,See description under line item 22.,,,230,230,,,,,,corrected,
2023,CAPITAL PROJECTS,72,FINANCE,City Council - ITEF CD7-FY21,FIN.22C,,2024,2024,See description under line item 22. D. City Council - ITEF CD-FY See description under line item 22. E. City Council - ITEF CD-FY See description under line item 22. F. City Council - ITEF CD-FY See description under line item 22.,,,1112,1112,,,,,,,
2023,CAPITAL PROJECTS,73,FINANCE,City Council - ITEF CD7-FY13,FIN.221,,2024,2024,See description under line item 22. J. City Council - ITEF CD-FY See description under line item 22. K. City Council - ITEF CD-FY See description under line item 22. L. City Council - ITEF CD-FY See description under line item 22.,,,3,3,,,,,,,
2023,CAPITAL PROJECTS,74,FINANCE,City Council - ITEF CD8,FIN.23.1,,2024,2029,Fund critical renovations and other improvements to City-owned sites as needed.,,,4400,1150,650,650,650,650,650,,
2023,CAPITAL PROJECTS,74,FINANCE,City Council - ITEF CD8-FY23,FIN.23A,,2024,2024,See description under line item 23.,,,510,510,,,,,,corrected,
2023,CAPITAL PROJECTS,74,FINANCE,City Council - ITEF CD8-FY22,FIN.23B,,2024,2024,See description under line item 23.,,,255,255,,,,,,corrected,
2023,CAPITAL PROJECTS,74,FINANCE,City Council - ITEF CD8-FY21,FIN.23C,,2024,2024,See description under line item 23. D. City Council - ITEF CD-FY See description under line item 23. S,,,765,765,,,,,,,
2023,CAPITAL PROJECTS,77,FINANCE,City Council - ITEF CD9,FIN.24.1,,2024,2029,Fund critical renovations and other improvements to City-owned sites as needed.,,,4400,1150,650,650,650,650,650,,
2023,CAPITAL PROJECTS,77,FINANCE,City Council - ITEF CD9-FY23,FIN.24A,,2024,2024,See description under line item 24,,,510,510,,,,,,,
2023,CAPITAL PROJECTS,77,FINANCE,City Council - ITEF CD9-FY22,FIN.24B,,2024,2024,See description under line item 24,,,255,255,,,,,,,
2023,CAPITAL PROJECTS,77,FINANCE,City Council - ITEF CD9-FY21,FIN.24C,,2024,2024,See description under line item 24. D. City Council - ITEF CD-FY See description under line item 24. S,,,765,765,,,,,,,
2023,CAPITAL PROJECTS,78,FINANCE,City Council - ITEF CD9-FY15,FIN.241,,2024,2024,See description under line item 24. J. City Council - ITEF CD-FY See description under line item 24.,,,232,232,,,,,,corrected,
2023,CAPITAL PROJECTS,79,FINANCE,City Council - ITEF CD10,FIN.25.1,,2024,2029,Fund critical renovations and other improvements to City-owned sites as needed.,,,4400,1150,650,650,650,650,650,,
2023,CAPITAL PROJECTS,79,FINANCE,City Council - ITEF CD10-FY23,FIN.25A,,2024,2024,See description under line item 25. S,,,510,510,,,,,,,
2023,CAPITAL PROJECTS,79,FINANCE,City Council - ITEF CD10-FY22,FIN.25B,,2024,2024,See description under line item 25.,,,175,175,,,,,,corrected,
2023,CAPITAL PROJECTS,79,FINANCE,City Council - ITEF CD10-FY21,FIN.25C,,2024,2024,See description under line item 25.,,,208,208,,,,,,corrected,
2023,CAPITAL PROJECTS,80,FINANCE,City Council - ITEF CD10-FY15,FIN.251,,2024,2024,See description under line item 25.,,,6,6,,,,,,corrected,
2023,FIRE FACILITIES,87,FIRE,Holistic Fire Facilty Improvements,FIRE.26.14,,2024,2029,Design and construct holistic improvements to Fire Engines.,,,20000,5000,,,5000,5000,5000,corrected,
2023,FIRE FACILITIES,87,FIRE,Fire Facilities - Exterior renovation,FIRE.26.2,,2024,2029,Exterior renovations,,,1700,100,500,500,200,200,200,,
2023,FIRE FACILITIES,87,FIRE,Fire Facilities Kitchens/Bathroom Restoration,FIRE.26.3,,2024,2029,Renovate kitchen and bathroom facilities at various fire stations.,,,1200,100,,500,200,200,200,corrected,
2023,FIRE FACILITIES,87,FIRE,Fire Facility Exterior Window and Door Improvements,FIRE.26.4,,2024,2029,Design and construct Fire Facility exterior improvements.,,,1200,100,,500,200,200,200,corrected,
2023,FIRE FACILITIES,87,FIRE,"Fire Facilties: Mechanical, Electrical, and Plumbling",FIRE.26.5,,2024,2029,"Mechanical, electrical, and plumbing improvements",,,1200,100,,500,200,200,200,,
2023,FIRE FACILITIES,87,FIRE,Fire Protection Systems,FIRE.26.6,,2024,2029,Installation of fire protection system,,,1200,100,,500,200,200,200,,
2023,FIRE FACILITIES,87,FIRE,"Fire Station Renovations - Ramps, Sidewalks, Paving",FIRE.26.7,,2024,2029,Design and construct concrete site work.,,,1200,100,,500,200,200,200,corrected,
2023,FIRE FACILITIES,87,FIRE,Roof Replacements,FIRE.26.8,,2024,2029,Design and construct roof replacements,,,1700,100,500,500,200,200,200,,
2023,FIRE FACILITIES,88,FIRE,Structural Renovations,FIRE.9,,2024,2029,Structural Renovations,,,1200,100,,500,200,200,200,,
2023,FIRE FACILITIES,88,FIRE,Health and Safety Improvements,FIRE.9.140,,2024,2029,Health and Safety Improvements,,,1300,200,,500,200,200,200,,
2023,FIRE FACILITIES,88,FIRE,Fire Department Interior and Exterior Renovations-FY23,FIRE.26A,,2024,2024,See description under line item 26.,,,4500,4500,,,,,,corrected,
2023,FIRE FACILITIES,88,FIRE,Fire Department Interior and Exterior Renovations-FY22,FIRE.26B,,2024,2024,See description under line item 26.,,,3571,3571,,,,,,corrected,
2023,FIRE FACILITIES,88,FIRE,Fire Department Interior and Exterior Renovations-FY21,FIRE.26C,,2024,2024,See description under line item 26. D. Fire Department Interior and Exterior Renovations-FY See description under line item 26.,,,638,638,,,,,,corrected,
2023,CAPITAL PROJECTS,92,FIRE,Interior and Exterior Improvements,FIRE.27.1,,2024,2029,"Perform interior and exterior improvements, including various HVAC and equipment improvements at various Fleet Management garages.",,,6000,1000,1000,1000,1000,1000,1000,,
2023,CAPITAL PROJECTS,92,FIRE,Fleet Management Facilities-FY23,FIRE.27A,,2024,2024,See description under line item 27.,,,1626,1626,,,,,,corrected,
2023,CAPITAL PROJECTS,92,FIRE,Fleet Management Facilities-FY22,FIRE.27B,,2024,2024,See description under line item 27. Ae,,,418,418,,,,,,,
2023,CAPITAL PROJECTS,92,FIRE,Fleet Management Facilities-FY21,FIRE.27C,,2024,2024,See description under line item 27.,,,9,9,,,,,,corrected,
2023,CAPITAL PROJECTS,93,FIRE,Fuel Tank Replacement,FIRE.28.1,,2024,2029,Replace automotive fuel tanks and piping.,,,6000,1000,,1000,1000,1500,1500,corrected,
2023,CAPITAL PROJECTS,93,FIRE,Fuel Dispensing & Monitoring,FIRE.28.2,,2026,2028,Replace fuel dispensing systems with efficient and more improved monitoring technology.,,,2000,,,1000,500,500,,,
2023,CAPITAL PROJECTS,93,FIRE,Fuel Site Environmental Remediation,FIRE.28.3,,2025,2029,Remediate contaminated sites including testing and clean of up groundwater and disposal of contaminated soil,,,2550,,300,450,600,600,600,,
2023,CAPITAL PROJECTS,93,FIRE,Electric Vehicle Charging Station,FIRE.28.4,,2028,2029,Electric Vehicle Charging Stations required throughout the are city to support electric vehicle fueling.,,,2000,,,,,1000,1000,,
2023,CAPITAL PROJECTS,94,FIRE,Fuel Tank Replacement-FY23,FIRE.28A,,2024,2024,See description under line item 28.,,,750,750,,,,,,corrected,
2023,CAPITAL PROJECTS,94,FIRE,Fuel Tank Replacement-FY22,FIRE.28B,,2024,2024,See description under line item 28.,,,1000,1000,,,,,,corrected,
2023,CAPITAL PROJECTS,94,FIRE,Fuel Tank Replacement-FY21,FIRE.28C,,2024,2024,See description under line item 28. D. Fuel Tank Replacement-FY See description under line item 28. E. Fuel Tank Replacement-FY See description under line item 28. F. Fuel Tank Replacement-FY See description under line item 28.,,,1450,1450,,,,,,corrected,
2023,CAPITAL PROJECTS,95,FIRE,Vehicles: Various Departments,FIRE.29.1,,2024,2029,Purchase specialty vehicles used as equipment for various departments.,,,6000,2000,,1000,1000,1000,1000,corrected,
2023,CAPITAL PROJECTS,95,FIRE,Vehicles: Fire Department,FIRE.29.2,,2024,2029,"Purchase specialty vehicles used as equipment by the Fire Department,",,,50000,12000,,8000,10000,10000,10000,,
2023,CAPITAL PROJECTS,95,FIRE,Vehicles: Streets Department,FIRE.29.3,,2024,2029,Purchase specialty vehicles used as equipment for the Streets Department.,,,31000,7000,4000,5000,5000,5000,5000,corrected,
2023,CAPITAL PROJECTS,95,FIRE,Vehicle Purchases-FY23,FIRE.29A,,2024,2024,See description under line item 29.,,,13300,13300,,,,,,corrected,
2023,CAPITAL PROJECTS,95,FIRE,Vehicle Purchases-FY22,FIRE.29B,,2024,2024,See description under line item 29.,,,26,26,,,,,,corrected,
2023,CAPITAL PROJECTS,96,FIRE,Vehicle Purchases-FY21,FIRE.29C,,2024,2024,See description under line item 29. D. Vehicle Purchases-FY See description under line item 29. E. Vehicle Purchases-FY See description under line item 29. F. Vehicle Purchases-FY See description under line item 29.,,,7150,7150,,,,,,corrected,
2023,LIBRARY FACILITIES - CAPITAL,100,FREE LIBRARY,Library Branch and Central Improvements,LIB.30.14,,2024,2029,Make improvements to the Central and Branch Libraries.,,,19500,1500,1500,2500,4000,5000,5000,corrected,
2023,LIBRARY FACILITIES - CAPITAL,100,FREE LIBRARY,Free Library Improvements-FY23,LIB.30A,,2024,2024,See description under line item 30.,,,2500,2500,,,,,,corrected,
2023,LIBRARY FACILITIES - CAPITAL,100,FREE LIBRARY,Free Library Improvements-FY22,LIB.30B,,2024,2024,See description under line item 30.,,,1573,1573,,,,,,corrected,
2023,LIBRARY FACILITIES - CAPITAL,101,FREE LIBRARY,Free Library Improvements-FY20,LIB.30C,,2024,2024,See description under line item 30. D. Free Library Improvements-FY See description under line item 30. E. Free Library Improvements-FY See description under line item 30. F. Free Library Improvements-FY See description under line item 30. G. Free Library Improvements-FY See description under line item 30. cT,,,2850,2850,,,,,,,
2023,HEALTH FACILITIES:,106,HEALTH,Equipment and Renovations - Various Sites,HLTH.32.1,,2024,2029,Replace and update equipment and perform renovations at various sites.,,,24000,4000,4000,4000,4000,4000,4000,,
2023,HEALTH FACILITIES:,106,HEALTH,Electronic Health Records,HLTH.32.2,,2024,2028,"Implement and Electronic Health Records (EHR) improve system,",,,2000,500,,500,500,500,,,
2023,HEALTH FACILITIES:,106,HEALTH,Health Department Equipment and Improvements-FY23,HLTH.32A,,2024,2024,See description under line item 32.,,,10500,10500,,,,,,corrected,
2023,HEALTH FACILITIES:,106,HEALTH,Health Department Equipment and Improvements-FY22,HLTH.32B,,2024,2024,See description under line item 32.,,,10500,10500,,,,,,corrected,
2023,HEALTH FACILITIES:,107,HEALTH,Health Department Equipment and Improvements-FY21,HLTH.32C,,2024,2024,See description under line item 32. D. Health Department Equipment and Improvements-FY See description under line item 32. E. Health Department Equipment and Improvements-FY See description under line item 32.,,,67028,67028,,,,,,corrected,
2023,HEALTH FACILITIES:,108,HEALTH,Interior and Exterior Renovations,HLTH.33.1,,2024,2029,Replace and update equipment and perform renovations at various sites.,,,8200,5000,1000,700,300,500,700,corrected,
2023,HEALTH FACILITIES:,108,HEALTH,HVAC and Infrastructure Improvements,HLTH.33.2,,2025,2029,"Replace/upgrade HVAC, infrastructure, and safety systems at various health centers.",,,2100,,200,400,700,500,300,,
2023,HEALTH FACILITIES:,108,HEALTH,Health Facility Renovations-FY23,HLTH.33A,,2024,2024,See description under line item 33.,,,4000,4000,,,,,,corrected,
2023,HEALTH FACILITIES:,108,HEALTH,Health Facility Renovations-FY22,HLTH.33B,,2024,2024,See description under line item 33.,,,1102,1102,,,,,,corrected,
2023,HEALTH FACILITIES:,108,HEALTH,Health Facility Renovations-FY21,HLTH.33C,,2024,2024,See description under line item 33.,,,162,162,,,,,,corrected,
2023,HEALTH FACILITIES:,109,HEALTH,Equipment and Renovations - Philadelphia Nursing Home-FY20,HLTH.34B,,2024,2024,"See description under line item 34. C, Equipment and Renovations - Philadelphia Nursing Home-FY See description under line item 34.",,,1320,1320,,,,,,corrected,
2023,CAPITAL PROJECTS - VARIOUS:,113,MANAGING DIRECTOR,Improvements to Animal Care & Control Team facility,MDO.35.14,,2024,2024,Replace existing animal kennels.,,,450,450,,,,,,corrected,
2023,CAPITAL PROJECTS - VARIOUS:,113,MANAGING DIRECTOR,OEM Facility Improvements,MDO.35.2,,2024,2024,Implement renovations and enhancement to improve the habitability of the OEM space.,,,500,500,,,,,,,
2023,CAPITAL PROJECTS - VARIOUS:,113,MANAGING DIRECTOR,Conservation of Art,MDO.35.3,,2024,2029,Assess and restore public artwork.,,,1800,300,300,300,300,300,300,corrected,
2023,CAPITAL PROJECTS - VARIOUS:,113,MANAGING DIRECTOR,Bethel Burial Ground,MDO.35.4,,2024,2024,Design and construction of a memorial at Catharine Street.,,,350,350,,,,,,corrected,
2023,CAPITAL PROJECTS - VARIOUS:,113,MANAGING DIRECTOR,African American Museum Relocation,MDO.35.5,,2025,2029,"Design, Construct and Relocate the African American Museum",,,40000,,10000,,10000,10000,10000,,
2023,CAPITAL PROJECTS - VARIOUS:,114,MANAGING DIRECTOR,Citywide Facilities-FY23,MDO.35A,,2024,2024,See description under line item 35.,,,300,300,,,,,,corrected,
2023,CAPITAL PROJECTS - VARIOUS:,114,MANAGING DIRECTOR,Citywide Facilities-FY22,MDO.35B,,2024,2024,See description under line item 35.,,,650,650,,,,,,corrected,
2023,CAPITAL PROJECTS - VARIOUS:,114,MANAGING DIRECTOR,Citywide Facilities-FY21,MDO.35C,,2024,2024,See description under line item 35.,,,500,500,,,,,,corrected,
2023,CAPITAL PROJECTS - VARIOUS:,116,MANAGING DIRECTOR,Citywide Facilities-FY14,MDO.351,,2024,2024,See description under line item 35. J. Citywide Facilities-FY See description under line item 35. Totals CAPITAL PROJECTS - VARIOUS,,,2501,2501,,,,,,,
2023,FAMILY CARE FACILITIES - CAPITAL,121,OFFICE OF HOMELESS SERVICES,Interior and Exterior Improvements,OHS.36.1,,2024,2028,Perform improvement projects associated with various homeless shelters.,,,3000,1500,,500,500,500,,,
2023,FAMILY CARE FACILITIES - CAPITAL,121,OFFICE OF HOMELESS SERVICES,MEP Improvements,OHS.36.2,,2024,2028,"Mechanical, Electrical, and/or Plumbing Improvements at homeless shelters.",,,2000,500,,500,500,500,,,
2023,FAMILY CARE FACILITIES - CAPITAL,121,OFFICE OF HOMELESS SERVICES,Infrastructure Improvements,OHS.36.3,,2024,2028,Infrastructure Improvements at city owned homeless shelters.,,,2000,500,,500,500,500,,corrected,
2023,FAMILY CARE FACILITIES - CAPITAL,121,OFFICE OF HOMELESS SERVICES,OSH Facility Renovations-FY23,OHS.36A,,2024,2024,See description under line item 36.,,,1500,1500,,,,,,corrected,
2023,FAMILY CARE FACILITIES - CAPITAL,122,OFFICE OF HOMELESS SERVICES,OSH Facility Renovations-FY22,OHS.36B,,2024,2024,See description under line item 36.,,,384,384,,,,,,corrected,
2023,FAMILY CARE FACILITIES - CAPITAL,122,OFFICE OF HOMELESS SERVICES,OSH Facility Renovations-FY21,OHS.36C,,2024,2024,See description under line item 36. D. OSH Facility Renovations-FY See description under line item 36.,,,440,440,,,,,,corrected,
2023,SUSTAINABILITY CAPITAL PROJECTS,125,OFFICE OF SUSTAINABILITY,Greenworks Sustainability Fund,SUST.37.1,,2024,2029,"Improve efficiency, sustainability, and climate resilience energy at various locations to help accelerate high performance projects that reduce the environmental impact of City government.",,,2000,450,350,100,450,450,200,,
2023,SUSTAINABILITY CAPITAL PROJECTS,125,OFFICE OF SUSTAINABILITY,Resilience Improvements for Municipal Buildings & Infrastructi,SUST.37.2,,2024,2029,Investment in resilience infrastructure will ensure long-term cost savings and mitigate inequities amplified by climate change.,,,650,150,100,100,100,100,100,,
2023,SUSTAINABILITY CAPITAL PROJECTS,125,OFFICE OF SUSTAINABILITY,Building Automation Systems (BAS) Upgrades and Installatior,SUST.37.3,,2024,2029,Many of these systems are obsolete and need to be upgraded in order to increase HVAC reliability and cyber-security in many buildings.,,,2000,500,300,300,300,300,300,,
2023,SUSTAINABILITY CAPITAL PROJECTS,125,OFFICE OF SUSTAINABILITY,LED Lighting in City Facilities,SUST.37.4,,2024,2029,"LED lighting improves occupant comfort, reduces energy use and lowers operating costs.",,,1800,300,300,300,300,300,300,,
2023,SUSTAINABILITY CAPITAL PROJECTS,125,OFFICE OF SUSTAINABILITY,LEED Design Support,SUST.37.5,,2024,2029,Adedicated LEED consulting contract that supports the City's commitment to designing high-performance buildings and achieving LEED Gold for new construction projects.,,,1000,300,200,200,100,100,100,,
2023,SUSTAINABILITY CAPITAL PROJECTS,126,OFFICE OF SUSTAINABILITY,Energy and Sustainability Improvements-FY23,SUST.37A,,2024,2024,See description under line item 37.,,,500,500,,,,,,corrected,
2023,SUSTAINABILITY CAPITAL PROJECTS,126,OFFICE OF SUSTAINABILITY,Energy and Sustainability Improvements-FY22,SUST.37B,,2024,2024,See description under line item 37.,,,202,202,,,,,,corrected,
2023,SUSTAINABILITY CAPITAL PROJECTS,126,OFFICE OF SUSTAINABILITY,Energy and Sustainability Improvements-FY21,SUST.37C,,2024,2024,"See description under line item 37. D. Energy and Sustainability Improvements-FY See description under line item 37. E. Sustainability and Energy Improvements-FY See description under line item 37,",,,584,584,,,,,,,
2023,CAPITAL PROJECTS,130,OFFICE OF INNOVATION AND TECHNOLOGY,Network Infrastructure Stabilization & Enhancement,OIT.38.1,,2024,2028,"Stabilize, secure, and enhance the network infrastructure that provides the computing foundation for the City’s business operations.",,,27665,4165,4000,5500,7000,7000,,,
2023,CAPITAL PROJECTS,130,OFFICE OF INNOVATION AND TECHNOLOGY,Citywide and Departmental Applications,OIT.38.2,,2024,2029,Replace and modernize legacy applications and create new applications that improve business processes to increase operational efficiency and reduce costs/risks of older applications.,,,112920,13405,19812,22567,25032,20104,12000,,
2023,CAPITAL PROJECTS,130,OFFICE OF INNOVATION AND TECHNOLOGY,Citywide Technology Improvements & Enhancements-FY23,OIT.38A,,2024,2024,See description under line item 38.,,,21977,21977,,,,,,corrected,
2023,CAPITAL PROJECTS,130,OFFICE OF INNOVATION AND TECHNOLOGY,Citywide Technology Improvements & Enhancements-FY22,OIT.38B,,2024,2024,See description under line item 38.,,,22287,22287,,,,,,corrected,
2023,CAPITAL PROJECTS,131,OFFICE OF INNOVATION AND TECHNOLOGY,Citywide Technology Improvements & Enhancements-FY21,OIT.38C,,2024,2024,See description under line item 38. D. Citywide Technology Improvements & Enhancements-FY See description under line item 38. E. Citywide Technology Improvements & Enhancements-FY See description under line item 38. F. Citywide Technology Improvements & Enhancements-FY See description under line item 38. G. Citywide Technology Improvements & Enhancements-FY See description under line item 38. H. Citywide Technology Improvements & Enhancements-FY See description under line item 38.,,,3739,3739,,,,,,corrected,
2023,CAPITAL PROJECTS,136,PARKS AND RECREATION,ITEF - Building & Site Infrastructure,PRK.39.1,,2024,2028,"Roof Replacement, Boilers, HVAC, Electrical Upgrades, Plumbing, Facade Rehabilitation and Interior Improvements",,,18100,16500,,,,1600,,,
2023,CAPITAL PROJECTS,136,PARKS AND RECREATION,Swimming Pool Improvements,PRK.39.2,,2024,2028,"Make capital improvements to pools, including site swimming and system infrastructure",,,3500,500,,1000,1000,1000,,,
2023,CAPITAL PROJECTS,136,PARKS AND RECREATION,Life Safety Improvements,PRK.39.3,,2026,2028,Make life safety improvements including installation of fire alarm systems and security surveillance systems at various Parks and Recreation facilities.,,,1500,,,500,500,500,,,
2023,CAPITAL PROJECTS,136,PARKS AND RECREATION,"Buildings, Courts, Play Areas, Athletic Fields-FY23",PRK.39A,,2024,2024,See description under line item 39.,,,6250,6250,,,,,,corrected,
2023,CAPITAL PROJECTS,136,PARKS AND RECREATION,"Buildings, Courts, Play Areas, Athletic Fields-FY22",PRK.39B,,2024,2024,See description under line item 39.,,,5797,5797,,,,,,corrected,
2023,CAPITAL PROJECTS,137,PARKS AND RECREATION,"Buildings, Courts, Play Areas, Athletic Fields-FY21",PRK.39C,,2024,2024,"See description under line item 39. D. Buildings, Courts, Play Areas, Athletic Fields-FY See description under line item 39. E. Buildings, Courts, Play Areas, Athletic Fields-FY See description under line item 39. F. Buildings, Courts, Play Areas, Athletic Fields-FY See description under line item 39. G. Buildings, Courts, Play Areas, Athletic Fields-FY See description under line item 39.",,,12592,12592,,,,,,,
2023,CAPITAL PROJECTS,138,PARKS AND RECREATION,Rebuilding Community Infrastructure,PRK.40.1,,2024,2025,Make improvements to Parks and Recreation facilities through the Rebuilding Community Infrastructure Initiative.,,,14000,7000,7000,,,,,,
2023,CAPITAL PROJECTS,138,PARKS AND RECREATION,Rebuilding Community Infrastructure-FY23,PRK.40A,,2024,2024,See description under line item 40.,,,7000,7000,,,,,,corrected,
2023,CAPITAL PROJECTS,138,PARKS AND RECREATION,Rebuilding Community Infrastructure-FY20,PRK.40B,,2024,2024,See description under line item 40.,,,7000,7000,,,,,,corrected,
2023,CAPITAL PROJECTS,138,PARKS AND RECREATION,Rebuilding Community Infrastructure-FY19,PRK.40C,,2024,2024,See description under line item 40. D. Rebuilding Community Infrastructure-FY See description under line item 40.,,,7000,7000,,,,,,corrected,
2023,CAPITAL PROJECTS,139,PARKS AND RECREATION,Life Safety Site Improvements.,PRK.41.1,,2024,2029,"Make life safety improvements including fire alarm systems security surveillance systems, footways, lighting, fencing at various neighborhood parks and facilities.",,,2790,400,445,445,500,500,500,,
2023,CAPITAL PROJECTS,139,PARKS AND RECREATION,Play Area,PRK.41.2,,2024,2028,Improve play areas,,,4000,1000,,1000,1000,1000,,,
2023,CAPITAL PROJECTS,139,PARKS AND RECREATION,Neighborhood Park Improvements - Citywide,PRK.41.3,,2024,2024,Rehabilitate various parks throughout the City such as FDR Park.,,,20000,20000,,,,,,corrected,
2023,CAPITAL PROJECTS,139,PARKS AND RECREATION,Neighborhood Parks-FY23,PRK.41A,,2024,2024,See description under line item 44,,,21390,21390,,,,,,,
2023,CAPITAL PROJECTS,140,PARKS AND RECREATION,Neighborhood Parks-FY22,PRK.41B,,2024,2024,See description under line item 41,,,8706,8706,,,,,,,
2023,CAPITAL PROJECTS,140,PARKS AND RECREATION,Neighborhood Parks-FY21,PRK.41C,,2024,2024,See description under line item 41.,,,1750,1750,,,,,,edited,
2023,CAPITAL PROJECTS,141,PARKS AND RECREATION,Exterior Improvements,PRK.42.1,,2024,2028,"Restore the exterior of historic structures,",,,2150,500,,600,550,500,,,
2023,CAPITAL PROJECTS,141,PARKS AND RECREATION,Park and Street Trees the Removal and Planting,PRK.42.2,,2024,2029,Plant trees throughout city and remove dead and diseased trees.,,,3000,500,500,500,500,500,500,,
2023,CAPITAL PROJECTS,141,PARKS AND RECREATION,Schuylkill River Retaining Wall Reconstruction,PRK.42.3,,2024,2029,Improve the retaining wall on the Schuylkill River.,,,2500,500,,500,500,500,500,corrected,
2023,CAPITAL PROJECTS,142,PARKS AND RECREATION,"Creek Banks, Terrain, Drainage, Paths, Bridges and Infrastruc",PRK.4,,2024,2028,"Stabilize creek banks, embankments, dams, outfalls and tributaries to control water runoff and along waterways erosion and bridge improvements",,,6585,1535,1600,1450,1000,1000,,,
2023,CAPITAL PROJECTS,142,PARKS AND RECREATION,Horticultural Center - Building and Site Improvements,PRK.4.5,,2024,2024,Replace the roof and make structural upgrades and site improvements including lighting and pathways.,,,350,350,,,,,,,
2023,CAPITAL PROJECTS,142,PARKS AND RECREATION,Interior Improvements,PRK.4.6,,2024,2029,"Replace deteriorating structural, HVAC, plumbing and electrical systems.",,,1200,450,100,350,100,100,100,corrected,
2023,CAPITAL PROJECTS,142,PARKS AND RECREATION,Improvements to Footways & Roadways,PRK.4.7,,2024,2027,"Improve footways and roadways including installation of guiderails, fencing and gates- Citywide",,,1350,350,,500,500,,,,
2023,CAPITAL PROJECTS,142,PARKS AND RECREATION,Recreation Trails at Various Locations,PRK.4.8,,2024,2024,Improve existing trails and access to new areas throughout the city and Park system.,,,3000,3000,,,,,,corrected,
2023,CAPITAL PROJECTS,143,PARKS AND RECREATION,Natural Lands/Large Manicured Parks-FY23,PRK.42A,,2024,2024,See description under line item 42.,,,1000,1000,,,,,,corrected,
2023,CAPITAL PROJECTS,143,PARKS AND RECREATION,Natural Lands/Large Manicured Parks-FY22,PRK.42B,,2024,2024,See description under line item 42.,,,1288,1288,,,,,,corrected,
2023,CAPITAL PROJECTS,143,PARKS AND RECREATION,Natural Lands/Large Manicured Parks-FY21,PRK.42C,,2024,2024,See description under line item 42.,,,1000,1000,,,,,,corrected,
2023,CAPITAL PROJECTS,145,PARKS AND RECREATION,Grant Funded Recreation Projects,PRK.43.1,,2024,2027,"Provide appropriation authority for State, Federal and Private Grants and appropriate matching City funds.",,,6000,3000,1000,1000,1000,,,corrected,
2023,CAPITAL PROJECTS,145,PARKS AND RECREATION,Eastwick Regional Park,PRK.43.2,,2024,2024,Improvements to Eastwick Regional Park,,,700,700,,,,,,,
2023,CAPITAL PROJECTS,146,PARKS AND RECREATION,Cobbs Creek Golf Course,PRK.3,,2024,2024,Major Improvement to Cobbs Creek Golf Course,,,1500,1500,,,,,,,
2023,CAPITAL PROJECTS,146,PARKS AND RECREATION,Dell Music Center,PRK.3.4,,2024,2029,Make improvements to the Dell Music Center.,,,2500,500,,500,500,500,500,corrected,
2023,CAPITAL PROJECTS,146,PARKS AND RECREATION,Benjamin Franklin Parkway,PRK.3.5,,2024,2028,Master Plan for B F Parkway (Logan Circle to Eakins Oval,,,5000,1000,1000,1000,1000,1000,,,
2023,CAPITAL PROJECTS,146,PARKS AND RECREATION,Parks and Recreation Projects-FY23,PRK.43A,,2024,2024,See description under line item 43.,,,12000,12000,,,,,,validated,
2023,CAPITAL PROJECTS,147,PARKS AND RECREATION,Parks and Recreation Projects-FY22,PRK.43B,,2024,2024,See description under line item 43.,,,500,500,,,,,,corrected,
2023,CAPITAL PROJECTS,147,PARKS AND RECREATION,Parks and Recreation Projects-FY21,PRK.43C,,2024,2024,"See description under line item 43. D. Parks and Recreation Projects-FY See description under line item 43. E, Parks and Recreation Projects-FY See description under line item 43.",,,1681,1681,,,,,,corrected,
2023,CAPITAL PROJECTS,148,PARKS AND RECREATION,Improvements to Existing Recreation Facilities-CD1,PRK.44.1,,2024,2029,Renovate existing recreation facilities in the Department of Parks and Recreation.,,,6200,1450,950,950,950,950,950,,
2023,CAPITAL PROJECTS,149,PARKS AND RECREATION,Improvements to Existing Recreation Facilities-CD1-FY23,PRK.44A,,2024,2024,See description under line item 44.,,,928,928,,,,,,corrected,
2023,CAPITAL PROJECTS,149,PARKS AND RECREATION,Improvements to Existing Recreation Facilities-CD1-FY22,PRK.44B,,2024,2024,See description under line item 44,,,192,192,,,,,,,
2023,CAPITAL PROJECTS,149,PARKS AND RECREATION,Improvements to Existing Recreation Facilities-CD1-FY20,PRK.44C,,2024,2024,See description under line item 44. D. Improvements to Existing Recreation Facilities-CD-FY See description under line item 44 E. Improvements to Existing Recreation Facilities-CD-FY See description under line item 44. F. Improvements to Existing Recreation Facilities-CD-FY See description under line item 44.,,,615,615,,,,,,corrected,
2023,CAPITAL PROJECTS,150,PARKS AND RECREATION,Improvements to Existing Recreation Facilities-CD2,PRK.45.1,,2024,2029,Renovate existing recreation facilities in the Department of Parks and Recreation.,,,6200,1450,950,950,950,950,950,,
2023,CAPITAL PROJECTS,151,PARKS AND RECREATION,Improvements to Existing Recreation Facilities-CD2-FY23,PRK.45A,,2024,2024,See description under line item 45.,,,510,510,,,,,,corrected,
2023,CAPITAL PROJECTS,151,PARKS AND RECREATION,Improvements to Existing Recreation Facilities-CD2-FY22,PRK.45B,,2024,2024,See description under line item 45.,,,250,250,,,,,,corrected,
2023,CAPITAL PROJECTS,151,PARKS AND RECREATION,Improvements to Existing Recreation Facilities-CD2-FY21,PRK.45C,,2024,2024,See description under line item 45. D. Improvements to Existing Recreation Facilities-CD-FY See description under line item 45. E. Improvements to Existing Recreation Facilities-CD-FY See description under line item 45. F. Improvements to Existing Recreation Facilities-CD-FY See description under line item 45.,,,552,552,,,,,,corrected,
2023,CAPITAL PROJECTS,152,PARKS AND RECREATION,Improvements to Existing Recreation Facilities-CD2-FY15,PRK.451,,2024,2024,See description under line item 45. OB J. Improvements to Existing Recreation Facilities-CD-FY See description under line item 45. K. Improvements to Existing Recreation Facilities-CD-FY See description under line item 45. L. Improvements to Existing Recreation Facilities-CD-FY See description under line item 45.,,,484,484,,,,,,corrected,
2023,CAPITAL PROJECTS,153,PARKS AND RECREATION,Improvements to Existing Recreation Facilities-CD2-FY09,PRK.450,,2024,2024,See description under line item 45. P. Improvements to Existing Recreation Facilities-CD-FY See description under line item 45. Q. Improvements to Existing Recreation Facilities-CD-FY See description under line item 45. R. Improvements to Existing Recreation Facilities-CD-FY See description under line item 45.,,,177,177,,,,,,corrected,
2023,CAPITAL PROJECTS,154,PARKS AND RECREATION,Improvements to Existing Recreation Facilities-CD3,PRK.46.1,,2024,2029,Renovate facilities the Department of Parks existing recreation in and Recreation.,,,6200,1450,950,950,950,950,950,,
2023,CAPITAL PROJECTS,154,PARKS AND RECREATION,Improvements to Existing Recreation Facilities-CD3-FY23,PRK.46A,,2024,2024,See description under line item 46.,,,790,790,,,,,,corrected,
2023,CAPITAL PROJECTS,155,PARKS AND RECREATION,Improvements to Existing Recreation Facilities-CD3-FY22,PRK.46B,,2024,2024,See description under line item 46.,,,177,177,,,,,,corrected,
2023,CAPITAL PROJECTS,155,PARKS AND RECREATION,Improvements to Existing Recreation Facilities-CD3-FY21,PRK.46C,,2024,2024,"See description under line item 46. D. Improvements to Existing Recreation Facilities-CD-FY See description under line item 46. E. Improvements to Existing Recreation Facilities-CD-FY See description under line item 46. F. Improvements to Existing Recreation Facilities-CD-FY See description under line item 46. G. Improvements to Existing Recreation Facilities-CD-FY See description under line item 46,",,,1142,1142,,,,,,,
2023,CAPITAL PROJECTS,156,PARKS AND RECREATION,Improvements to Existing Recreation Facilities-CD3-FY15,PRK.461,,2024,2024,"See description under line item 46. J. Improvements to Existing Recreation Facilities-CD-FY See description under line item 46. K. Improvements to Existing Recreation Facilities-CD-FY See description under line item 46. L. Improvements to Existing Recreation Facilities-CD-FY See description under line item 46. M. Improvements to Existing Recreation Facilities-CD-FY See description under line item 46,",,,942,942,,,,,,,
2023,CAPITAL PROJECTS,157,PARKS AND RECREATION,Improvements to Existing Recreation Facilities-CD3-FY08,PRK.460,,2024,2024,See description under line item 46. P. Improvements to Existing Recreation Facilities-CD-FY See description under line item 46. Q. Improvements to Existing Recreation Facilities-CD-FY See description under line item 46.,,,429,429,,,,,,corrected,
2023,CAPITAL PROJECTS,157,PARKS AND RECREATION,Improvements to Existing Recreation Facilities-CD4,PRK.47.1,,2024,2029,Renovate existing recreation facilities in the Department of Parks and Recreation.,,,6200,1450,950,950,950,950,950,,
2023,CAPITAL PROJECTS,158,PARKS AND RECREATION,Improvements to Existing Recreation Facilities-CD4-FY23,PRK.47A,,2024,2024,See description under line item 47.,,,790,790,,,,,,corrected,
2023,CAPITAL PROJECTS,158,PARKS AND RECREATION,Improvements to Existing Recreation Facilities-CD4-FY22,PRK.47B,,2024,2024,See description under line item 47,,,395,395,,,,,,,
2023,CAPITAL PROJECTS,158,PARKS AND RECREATION,Improvements to Existing Recreation Facilities-CD4-FY21,PRK.47C,,2024,2024,See description under line item 47. D. Improvements to Existing Recreation Facilities-CD-FY See description under line item 47. E. Improvements to Existing Recreation Facilities-CD-FY See description under line item 47. F. Improvements to Existing Recreation Facilities-CD-FY See description under line item 47.,,,367,367,,,,,,corrected,
2023,CAPITAL PROJECTS,160,PARKS AND RECREATION,Improvements to Existing Recreation Facilities-CD5,PRK.48.1,,2024,2029,Renovate facilities the Department of Parks existing recreation in and Recreation.,,,6200,1450,950,950,950,950,950,,
2023,CAPITAL PROJECTS,160,PARKS AND RECREATION,Improvements to Existing Recreation Facilities-CD5-FY23,PRK.48A,,2024,2024,See description under line item 48.,,,790,790,,,,,,corrected,
2023,CAPITAL PROJECTS,161,PARKS AND RECREATION,Improvements to Existing Recreation Facilities-CD5-FY22,PRK.48B,,2024,2024,See description under line item 48.,,,395,395,,,,,,corrected,
2023,CAPITAL PROJECTS,161,PARKS AND RECREATION,Improvements to Existing Recreation Facilities-CD5-FY21,PRK.48C,,2024,2024,See description under line item 48. D. Improvements to Existing Recreation Facilities-CD-FY See description under line item 48. E. Improvements to Existing Recreation Facilities-CD-FY See description under line item 48. F. Improvements to Existing Recreation Facilities-CD-FY See description under line item 48. G. Improvements to Existing Recreation Facilities-CD-FY See description under line item 48.,,,1225,1225,,,,,,corrected,
2023,CAPITAL PROJECTS,162,PARKS AND RECREATION,Improvements to Existing Recreation Facilities-CD5-FY15,PRK.481,,2024,2024,See description under line item 48. J. Improvements to Existing Recreation Facilities-CD-FY See description under line item 48. K. Improvements to Existing Recreation Facilities-CD-FY See description under line item 48. L. Improvements to Existing Recreation Facilities-CD-FY See description under line item 48. M. Improvements to Existing Recreation Facilities-CD-FY See description under line item 48.,,,537,537,,,,,,corrected,
2023,CAPITAL PROJECTS,163,PARKS AND RECREATION,Improvements to Existing Recreation Facilities-CD5-FY09,PRK.480,,2024,2024,See description under line item 48.,,,192,192,,,,,,corrected,
2023,CAPITAL PROJECTS,164,PARKS AND RECREATION,Improvements to Existing Recreation Facilities-CD6,PRK.49.1,,2024,2029,Renovate existing recreation facilities the Department of Parks in and Recreation.,,,6200,1450,950,950,950,950,950,,
2023,CAPITAL PROJECTS,164,PARKS AND RECREATION,Improvements to Existing Recreation Facilities-CD6-FY23,PRK.49A,,2024,2024,See description under line item 49.,,,790,790,,,,,,corrected,
2023,CAPITAL PROJECTS,164,PARKS AND RECREATION,Improvements to Existing Recreation Facilities-CD6-FY22,PRK.49B,,2024,2024,See description under line item 49.,,,275,275,,,,,,corrected,
2023,CAPITAL PROJECTS,165,PARKS AND RECREATION,Improvements to Existing Recreation Facilities-CD6-FY21,PRK.49C,,2024,2024,See description under line item 49. D. Improvements to Existing Recreation Facilities-CD-FY See description under line item 49. E. Improvements to Existing Recreation Facilities-CD-FY See description under line item 49. F. Improvements to Existing Recreation Facilities-CD-FY See description under line item 49. G. Improvements to Existing Recreation Facilities-CD-FY See description under line item 49. H. Improvements to Existing Recreation Facilities-CD-FY See description under line item 49.,,,1109,1109,,,,,,corrected,
2023,CAPITAL PROJECTS,166,PARKS AND RECREATION,Improvements to Existing Recreation Facilities-CD6-FY15,PRK.491,,2024,2024,See description under line item 49. J. Improvements to Existing Recreation Facilities-CD-FY See description under line item 49. K. Improvements to Existing Recreation Facilities-CD-FY See description under line item 49. L. Improvements to Existing Recreation Facilities-CD-FY See description under line item 49. M. Improvements to Existing Recreation Facilities-CD-FY See description under line item 49.,,,805,805,,,,,,corrected,
2023,CAPITAL PROJECTS,167,PARKS AND RECREATION,Improvements to Existing Recreation Facilities-CD7,PRK.50.1,,2024,2029,Renovate existing recreation facilities in the Department of Parks and Recreation.,,,6200,1450,950,950,950,950,950,,
2023,CAPITAL PROJECTS,167,PARKS AND RECREATION,Improvements to Existing Recreation Facilities-CD7-FY23,PRK.50A,,2024,2024,See description under line item 50.,,,790,790,,,,,,corrected,
2023,CAPITAL PROJECTS,167,PARKS AND RECREATION,Improvements to Existing Recreation Facilities-CD7-FY22,PRK.50B,,2024,2024,See description under line item 50.,,,395,395,,,,,,corrected,
2023,CAPITAL PROJECTS,167,PARKS AND RECREATION,Improvements to Existing Recreation Facilities-CD7-FY21,PRK.50C,,2024,2024,"See description under line item 50. D. Improvements to Existing Recreation Facilities-CD-FY See description under line item 50, OG",,,108,108,,,,,,,
2023,CAPITAL PROJECTS,168,PARKS AND RECREATION,Improvements to Existing Recreation Facilities-CD7-FY14,PRK.501,,2024,2024,See description under line item 50. J. Improvements to Existing Recreation Facilities-CD-FY See description under line item 50.,,,61,61,,,,,,corrected,
2023,CAPITAL PROJECTS,169,PARKS AND RECREATION,Improvements to Existing Recreation Facilities-CD7-FY08,PRK.500,,2024,2024,See description under line item 50. OS P. Improvements to Existing Recreation Facilities-CD-FY See description under line item 50.,,,76,76,,,,,,corrected,
2023,CAPITAL PROJECTS,170,PARKS AND RECREATION,Improvements to Existing Recreation Facilities-CD8,PRK.51.1,,2024,2029,Renovate existing recreation facilities the Department of Parks in and Recreation.,,,6200,1450,950,950,950,950,950,,
2023,CAPITAL PROJECTS,170,PARKS AND RECREATION,Improvements to Existing Recreation Facilities-CD8-FY23,PRK.51A,,2024,2024,See description under line item 51,,,790,790,,,,,,,
2023,CAPITAL PROJECTS,170,PARKS AND RECREATION,Improvements to Existing Recreation Facilities-CD8-FY22,PRK.51B,,2024,2024,See description under line item 51,,,395,395,,,,,,,
2023,CAPITAL PROJECTS,170,PARKS AND RECREATION,Improvements to Existing Recreation Facilities-CD8-FY21,PRK.51C,,2024,2024,See description under line item 51,,,395,395,,,,,,,
2023,CAPITAL PROJECTS,171,PARKS AND RECREATION,Improvements to Existing Recreation Facilities-CD8-FY15,PRK.511,,2024,2024,See description under line item 51,,,50,50,,,,,,,
2023,CAPITAL PROJECTS,174,PARKS AND RECREATION,Improvements to Existing Recreation Facilities-CD9,PRK.52.1,,2024,2029,Renovate existing recreation facilities in the Department of Parks and Recreation.,,,6200,1450,950,950,950,950,950,,
2023,CAPITAL PROJECTS,174,PARKS AND RECREATION,Improvements to Existing Recreation Facilities-CD9-FY23,PRK.52A,,2024,2024,See description under line item 52.,,,790,790,,,,,,corrected,
2023,CAPITAL PROJECTS,174,PARKS AND RECREATION,Improvements to Existing Recreation Facilities-CD9-FY22,PRK.52B,,2024,2024,See description under line item 52.,,,346,346,,,,,,corrected,
2023,CAPITAL PROJECTS,174,PARKS AND RECREATION,Improvements to Existing Recreation Facilities-CD9-FY21,PRK.52C,,2024,2024,See description under line item 52. D. Improvements to Existing Recreation Facilities-CD-FY See description under line item 52.,,,1115,1115,,,,,,corrected,
2023,CAPITAL PROJECTS,175,PARKS AND RECREATION,Improvements to Existing Recreation Facilities-CD9-FY15,PRK.521,,2024,2024,See description under line item 52. J. Improvements to Existing Recreation Facilities-CD-FY See description under line item 52.,,,144,144,,,,,,corrected,
2023,CAPITAL PROJECTS,176,PARKS AND RECREATION,Improvements to Existing Recreation Facilities-CD9-FY04,PRK.520,,2024,2024,See description under line item 52.,,,13,13,,,,,,corrected,
2023,CAPITAL PROJECTS,177,PARKS AND RECREATION,Improvements to Existing Recreation Facilities-CD10,PRK.53.1,,2024,2029,Renovate existing recreation facilities in the Department of Parks and Recreation.,,,6200,1450,950,950,950,950,950,,
2023,CAPITAL PROJECTS,177,PARKS AND RECREATION,Improvements to Existing Recreation Facilities-CD10-FY23,PRK.53A,,2024,2024,See description under line item 53.,,,790,790,,,,,,corrected,
2023,CAPITAL PROJECTS,177,PARKS AND RECREATION,Improvements to Existing Recreation Facilities-CD10-FY22,PRK.53B,,2024,2024,See description under line item 53.,,,234,234,,,,,,corrected,
2023,CAPITAL PROJECTS,177,PARKS AND RECREATION,Improvements to Existing Recreation Facilities-CD10-FY20,PRK.53C,,2024,2024,See description under line item 53. D. Improvements to Existing Recreation Facilities-CD-FY See description under line item 53.,,,96,96,,,,,,corrected,
2023,CAPITAL PROJECTS,178,PARKS AND RECREATION,Improvements to Existing Recreation Facilities-CD10-FY14,PRK.531,,2024,2024,See description under line item 53. J. Improvements to Existing Recreation Facilities-CD-FY See description under line item 53.,,,251,251,,,,,,corrected,
2023,CAPITAL PROJECTS,180,PARKS AND RECREATION,Improvements to the Mann Center for the Performing Arts,PRK.54.1,,2024,2029,Perform various improvement projects at the Mann Center.,,,2500,500,,500,500,500,500,corrected,
2023,CAPITAL PROJECTS,180,PARKS AND RECREATION,|mprovements to the Various Cultural Facilities,PRK.54.2,,2024,2026,Perform cultural facilities various improvement projects at throughout the city.,,,1000,500,,500,,,,,
2023,CAPITAL PROJECTS,180,PARKS AND RECREATION,Cultural Facilities Improvements-FY23,PRK.54A,,2024,2024,See description under line item 54.,,,2100,2100,,,,,,corrected,
2023,CAPITAL PROJECTS,180,PARKS AND RECREATION,Cultural Facilities Improvements-FY18,PRK.54B,,2024,2024,See description under line item 54.,,,79,79,,,,,,corrected,
2023,CAPITAL PROJECTS,180,PARKS AND RECREATION,Cultural Facilities Improvements-FY14,PRK.54C,,2024,2024,See description under line item 54. PARKS,,,3200,3200,,,,,,,
2023,CAPITAL PROJECTS,181,PARKS AND RECREATION,Building Improvements-FY14,PRK.55A,,2024,2024,Design and construct building improvements.,,,91,91,,,,,,corrected,
2023,CAPITAL PROJECTS,181,PARKS AND RECREATION,Building Improvements-FY13,PRK.55B,,2024,2024,Design and construct building improvements.,,,44,44,,,,,,corrected,
2023,CAPITAL PROJECTS,181,PARKS AND RECREATION,Building Improvements-FY12,PRK.55C,,2024,2024,Design and construct building improvements.,,,2,2,,,,,,,
2023,CAPITAL PROJECTS,182,PARKS AND RECREATION,Parkland - Site Improvements-FY14,PRK.56A,,2024,2024,Design and construct parkland site improvements.,,,58,58,,,,,,corrected,
2023,CAPITAL PROJECTS,182,PARKS AND RECREATION,Parkland - Site Improvements-FY13,PRK.56B,,,,Design and construct parkland site improvements.,,,,,,,,,,,
2023,CAPITAL PROJECTS,182,PARKS AND RECREATION,Parkland - Site Improvements-FY11,PRK.56C,,2024,2024,Design and construct parkland site improvements. D. Parkland - Site Improvements-FY Design and construct parkland site improvements.,,,510,510,,,,,,corrected,
2023,CAPITAL PROJECTS,183,PARKS AND RECREATION,"Roadways, Footways, and Parking-FY14",PRK.57A,,2024,2024,"Design and construct improvements to roadways, footways and parking B, Roadways, Footways, and Parking-FY Design and construct improvements to roadways, footways and parking",,,1230,1230,,,,,,,
2023,CAPITAL PROJECTS,184,PARKS AND RECREATION,"Roadways, Footways, and Parking-FY11",PRK.57C,,2024,2024,"Design and construct improvements to roadways, footways and parking",,,1700,1700,,,,,,,
2023,CAPITAL PROJECTS,184,PARKS AND RECREATION,Improvements to Existing Recreation Facilities - Infrastructure-FY13,PRK.58A,,2024,2024,Design and construct infrastructure site improvements.,,,15,15,,,,,,corrected,
2023,CAPITAL PROJECTS,184,PARKS AND RECREATION,Improvements to Existing Recreation Facilities - Infrastructure-FY12,PRK.58B,,2024,2024,Design and construct infrastructure site improvements.,,,478,478,,,,,,corrected,
2023,CAPITAL PROJECTS,184,PARKS AND RECREATION,Grant Funded Recreation Improvements-FY14,PRK.59A,,2024,2024,Grant matching funds supporting design and construct site improvements.,,,266,266,,,,,,,
2023,CAPITAL PROJECTS,184,PARKS AND RECREATION,Grant Funded Recreation Improvements-FY13,PRK.59B,,2024,2024,Grant matching funds supporting design and construct site improvements.,,,901,901,,,,,,,
2023,CAPITAL PROJECTS,185,PARKS AND RECREATION,Grant Funded Recreation Improvements-FY12,PRK.59C,,2024,2024,Grant matching funds supporting design and construct site improvements. D. Grant Funded Recreation Improvements-FY Grant matching funds supporting design and construct site improvements. Totals PARKS AND RECREATION,,,2860,2860,,,,,,,
2023,CAPITAL PROJECTS,186,PARKS AND RECREATION,Grant Funded Recreation Improvements-FY12,PRK.59C-2,,2024,2029,See description under line item 59. D. Grant Funded Recreation Improvements-FY See description under line item 59. Totals PARKS AND RECREATION - PB,,,19829,12829,2200,2200,1200,1200,200,,
2023,POLICE FACILITIES,191,POLICE,New Police Facilities,POL.60.1,,2024,2029,"Design, Construct and facilities including renovate police N. Broad, Fire Arms Training Facility, Highway Patrol, Forensics Facility",,,28400,8400,,5000,5000,5000,5000,,
2023,POLICE FACILITIES,191,POLICE,Mechanical/Electrical/Plumbing Renovations,POL.60.2,,2024,2028,Design and construct mechanical/electrical/plumbing renovations at various Police facilities.,,,2250,400,425,425,500,500,,,
2023,POLICE FACILITIES,191,POLICE,Police Districts Security Improvements,POL.60.3,,2024,2028,Perform facility security improvements.,,,2000,500,,500,500,500,,corrected,
2023,POLICE FACILITIES,192,POLICE,Exterior — General Building Construction,POL.4,,2024,2026,Design and construct exterior renovations at various Police Facilities,,,1000,500,,500,,,,,
2023,POLICE FACILITIES,192,POLICE,Police Facilities - Renovations-FY23,POL.60A,,2024,2024,See description under line item 60.,,,9368,9368,,,,,,corrected,
2023,POLICE FACILITIES,192,POLICE,Police Facilities - Renovations-FY22,POL.60B,,2024,2024,See description under line item 60.,,,13,13,,,,,,corrected,
2023,POLICE FACILITIES,192,POLICE,Police Facilities - Renovations-FY21,POL.60C,,2024,2024,"See description under line item 60. D. Police Facilities - Renovations-FY See description under line item 60,",,,20250,20250,,,,,,,
2023,POLICE FACILITIES,193,POLICE,Police Facilities - Renovations-FY08,POL.601,,2024,2024,See description under line item 60.,,,206,206,,,,,,corrected,
2023,CORRECTIONAL INSTITUTIONS - CAPITAL,197,PRISONS,Prison System Renovations,PRS.61,,,,,,,,,,,,,,,
2023,CORRECTIONAL INSTITUTIONS - CAPITAL,197,PRISONS,CFCF Roofing Replacement,PRS.61.14,,2024,2026,Remove and replace roofing on the CFCF Facility.,,,22514,4900,7464,10150,,,,corrected,
2023,CORRECTIONAL INSTITUTIONS - CAPITAL,197,PRISONS,Prisons Facilities Infrastructure Improvements,PRS.61.2,,2024,2029,"Design and building construct system improvements at Detention Center, Philadelphia Industrial Correctional Center, Curran-Fromhold Correctional Facility and Riverside Correctional Facility Renovation",,,17500,2500,,3500,3500,3500,4500,,
2023,CORRECTIONAL INSTITUTIONS - CAPITAL,197,PRISONS,Prison Campus Paving,PRS.61.3,,2024,2028,Prison Campus Paving,,,3500,1500,,,1000,1000,,,
2023,CORRECTIONAL INSTITUTIONS - CAPITAL,197,PRISONS,Prison System - Renovations-FY23,PRS.61A,,2024,2024,See description under line item 61,,,7716,7716,,,,,,,
2023,CORRECTIONAL INSTITUTIONS - CAPITAL,197,PRISONS,Prison System - Renovations-FY22,PRS.61B,,2024,2024,See description under line item 61,,,1100,1100,,,,,,,
2023,CORRECTIONAL INSTITUTIONS - CAPITAL,198,PRISONS,Prison System - Renovations-FY21,PRS.61C,,2024,2024,See description under line item 61 D. Prison System - Renovations-FY See description under line item 64 E. Prison System - Renovations-FY See description under line item 61 F. Prison System - Renovations-FY See description under line item 61,,,9026,9026,,,,,,,
2023,BUILDINGS AND FACILITIES - OTHER,202,PUBLIC PROPERTY,Asbestos Abatement & Environmental Remediation,PPD.62.1,,2024,2028,Provide environmental abatement and monitoring at facilities air Citywide.,,,1250,250,250,250,250,250,,,
2023,BUILDINGS AND FACILITIES - OTHER,202,PUBLIC PROPERTY,Citywide Asbestos Abatement & Environmental Remediation-FY23,PPD.62A,,2024,2024,See description under line item 62.,,,500,500,,,,,,corrected,
2023,BUILDINGS AND FACILITIES - OTHER,202,PUBLIC PROPERTY,Citywide Asbestos Abatement & Environmental Remediation-FY22,PPD.62B,,2024,2024,See description under line item 62. S,,,500,500,,,,,,,
2023,BUILDINGS AND FACILITIES - OTHER,202,PUBLIC PROPERTY,Citywide Asbestos Abatement & Environmental Remediation-FY21,PPD.62C,,2024,2024,See description under line item 62.,,,500,500,,,,,,corrected,
2023,BUILDINGS AND FACILITIES - OTHER,203,PUBLIC PROPERTY,City Improvements,PPD.63.1,,2024,2028,Fund critical renovations and other improvements to City owned facilities.,,,2000,500,,500,500,500,,,
2023,BUILDINGS AND FACILITIES - OTHER,203,PUBLIC PROPERTY,Triplex Facilities Improvements Projects,PPD.63.2,,2024,2028,"Perform various improvement projects associated with the Criminal! Justice Center, Municipal Services Building, and One Parkway Building",,,2500,1000,,,,1500,,,
2023,BUILDINGS AND FACILITIES - OTHER,203,PUBLIC PROPERTY,City Hall Improvements,PPD.63.3,,2024,2024,Perform various infrastructure improvements to City Hall,,,2000,2000,,,,,,,
2023,BUILDINGS AND FACILITIES - OTHER,203,PUBLIC PROPERTY,Register of Wills Office Renovations,PPD.63.4,,2024,2024,Improvements to the Register of Wills office space.,,,155,155,,,,,,corrected,
2023,BUILDINGS AND FACILITIES - OTHER,204,PUBLIC PROPERTY,Improvements to Municipal Facilities-FY23,PPD.63A,,2024,2024,See description under line item 63.,,,5387,5387,,,,,,corrected,
2023,BUILDINGS AND FACILITIES - OTHER,204,PUBLIC PROPERTY,Improvements to Municipal Facilities-FY22,PPD.63B,,2024,2024,See description under line item 63.,,,1100,1100,,,,,,corrected,
2023,BUILDINGS AND FACILITIES - OTHER,204,PUBLIC PROPERTY,Improvements to Municipal Facilities-FY21,PPD.63C,,2024,2024,See description under line item 63.,,,500,500,,,,,,corrected,
2023,CAPITAL PROJECTS,210,RECORDS,Records Improvements-FY20,REC.64A,,,,Improvements to Records department facilities and assets. CR,,,,,,,,,,incorrect,
2023,CAPITAL PROJECTS,210,RECORDS,Records Improvements-FY18,REC.64B,,2029,2029,Improvements to Records department facilities and assets.,,,93,,,,,,93,corrected,
2023,CAPITAL PROJECTS,210,RECORDS,Records Improvements-FY15,REC.64C,,2029,2029,Improvements to Records department facilities and assets.,,,29,,,,,,29,corrected,
2023,_,213,STREETS,"Bridge Reconstruction, Rehabilitation, and Restoration",STR.65.1,,2024,2029,"Reconstruction, rehabilitation, and restoration of existing bridges.",,,181300,37300,,,48000,48000,48000,corrected,
2023,_,213,STREETS,Act 13 - Stabilize Structurally Deficient Bridges,STR.65.2,,2024,2029,"Reconstruction, rehabilitation, and restoration of existing bridges.",,,18000,3000,3000,3000,3000,3000,3000,,
2023,_,213,STREETS,Bridge Reconstruction and Improvements - Act 89 & Act 44 (fk,STR.65.3,,2024,2029,"Reconstruction, rehabilitation, and restoration of existing bridges. Formerly funded under Act the allocation of these funds was modified by State Acts and.",,,600,100,100,100,100,100,100,,
2023,_,213,STREETS,Local Bridge Rehabilitation,STR.65.4,,2024,2029,"Reconstruction, rehabilitation, restoration or removal of existing bridges.",,,9400,1700,,1700,2000,2000,2000,,
2023,_,214,STREETS,Bridge Reconstruction & Improvements-FY23,STR.65A,,2024,2024,See description under line item 65.,,,500,500,,,,,,corrected,
2023,_,214,STREETS,Bridge Reconstruction & Improvements-FY22,STR.65B,,2024,2024,See description under line item 65.,,,500,500,,,,,,corrected,
2023,_,214,STREETS,Bridge Reconstruction & Improvements-FY21,STR.65C,,2024,2024,See description under line item 65.,,,1400,1400,,,,,,corrected,
2023,GRADING & PAVING,217,STREETS,Reconstruction/Resurfacing and ADA Ramp Reconstruction,STR.66.1,,2024,2029,"Resurface and reconstruct neighborhood streets and Fairmount Park roads; design, reconstruct and verify ADA ramps.",,,195000,60000,,,40000,45000,50000,corrected,
2023,GRADING & PAVING,217,STREETS,Historic Streets,STR.66.2,,2026,2029,Restore and reconstruct historic streets throughout the City. S,,,2000,,,500,500,500,500,,
2023,GRADING & PAVING,217,STREETS,Reconstruction/Resurfacing of Streets-FY23,STR.66A,,2024,2024,See description under line item 66.,,,2250,2250,,,,,,corrected,
2023,GRADING & PAVING,218,STREETS,Reconstruction/Resurfacing of Streets-FY22,STR.66B,,2024,2024,See description under line item 66.,,,2250,2250,,,,,,corrected,
2023,GRADING & PAVING,218,STREETS,Reconstruction/Resurfacing of Streets-FY21,STR.66C,,2024,2024,See description under line item 66. D. Reconstruction/Resurfacing of Streets-FY See description under line item 66. E. Reconstruction/Resurfacing of Streets-FY See description under line item 66.,,,16500,16500,,,,,,corrected,
2023,GRADING & PAVING,219,STREETS,Rehabilitation of Public Stairways Citywide,STR.68.1,,2024,2028,"Analysis, design and rehabilitation of existing public stairways and retaining walls throughout the City.",,,2000,500,,500,500,500,,,
2023,GRADING & PAVING,219,STREETS,Highways Citywide-FY23,STR.68A,,2024,2024,See description under line item 68. S,,,500,500,,,,,,,
2023,GRADING & PAVING,219,STREETS,Highways Citywide-FY22,STR.68B,,2024,2024,See description under line item 68.,,,1000,1000,,,,,,corrected,
2023,GRADING & PAVING,219,STREETS,Highways Citywide-FY21,STR.68C,,2024,2024,See description under line item 68.,,,150,150,,,,,,corrected,
2023,IMPROVEMENTS TO CITY HIGHWAYS:,221,STREETS,Citywide 3R,STR.69.1,,2024,2029,"Resurface, and highways that are eligible reconstruct restore city for federal funds; modernize and facilities and preserve infrastructure.",,,79700,29100,,3000,3000,23800,20800,,
2023,IMPROVEMENTS TO CITY HIGHWAYS:,221,STREETS,County Fee for Local Capital Projects,STR.69.2,,2024,2029,"For citywide state-funded highway, bridge and transportation projects, including traffic calming, roadway and bridge rehabilitation & traffic safety improvement consistent with Vision Zero objectives.",,,4000,2000,,,,,2000,,
2023,IMPROVEMENTS TO CITY HIGHWAYS:,221,STREETS,Transportation Engineering and Restoration Fund (TERF),STR.69.3,,2024,2029,Improve federally-funded highway and transportation networks citywide.,,,21500,6500,3000,3000,3000,3000,3000,corrected,
2023,IMPROVEMENTS TO CITY HIGHWAYS:,221,STREETS,Roosevelt Boulevard Improvement,STR.69.4,,2028,2029,Improve Roosevelt Boulevard to accommodate all modes of transportation,,,4500,,,,,2500,2000,,
2023,IMPROVEMENTS TO CITY HIGHWAYS:,222,STREETS,Pennsylvania Avenue,STR.5,,2025,2028,Pedestrian and Traffic flow improvements adjacent to the Philadelphia Museum of Art.,,,8000,,2000,2000,2000,2000,,,
2023,IMPROVEMENTS TO CITY HIGHWAYS:,222,STREETS,Federal Aid Highway Program-FY23,STR.69A,,2024,2024,See description under line item 69.,,,6500,6500,,,,,,corrected,
2023,IMPROVEMENTS TO CITY HIGHWAYS:,222,STREETS,Federal Aid Highway Program-FY22,STR.69B,,2024,2024,"See description under line item 69,",,,3465,3465,,,,,,,
2023,IMPROVEMENTS TO CITY HIGHWAYS:,223,STREETS,Federal Aid Highway Program-FY21,STR.69C,,2024,2024,See description under line item 69. D. Federal Aid Highway Program-FY See description under line item 69. E. Federal Aid Highway Program-FY See description under line item 69. F. Federal Aid Highway Program-FY See description under line item 69.,,,3240,3240,,,,,,corrected,
2023,SANITATION,225,STREETS,Northwest Transfer Top Load Conversion,STR.70.1,,2024,2024,Modemize the Sanitation Division's Northwest Transfer Station crane and packer waste processing system.,,,4500,4500,,,,,,,
2023,SANITATION,225,STREETS,Area 6 Service Building HVAC and Electrical Improvements,STR.70.2,,2024,2024,To determine the optimal solution to replace the existing heating system at the Sanitation Area Service Building and Fleet Shop.,,,250,250,,,,,,,
2023,SANITATION,225,STREETS,Roof Replacement at 26th and Glenwood,STR.70.3,,2024,2025,Replacement of the roof at the Sanitation Facility/Fleet Tire Shop at th and Glenwood and associated rehab work. The project will also rehab the building skin and plumbing associated the boiler.,,,400,200,200,,,,,,
2023,SANITATION,225,STREETS,Sanitation Area 5 Service Building Improvements and Paving,STR.70.4,,2024,2024,Replacement of Area facility's pavement throughout the site as well as floor reconstruction on the first floor due to significant settlement.,,,200,200,,,,,,,
2023,SANITATION,225,STREETS,Modernization of Sanitation Facilities-FY23,STR.70A,,2024,2024,See description under line item 70.,,,4200,4200,,,,,,corrected,
2023,SANITATION,225,STREETS,Modernization of Sanitation Facilities-FY22,STR.70B,,2024,2024,See description under line item 70.,,,1700,1700,,,,,,corrected,
2023,SANITATION,226,STREETS,Modernization of Sanitation Facilities-FY21,STR.70C,,2024,2024,See description under line item 70.,,,3950,3950,,,,,,corrected,
2023,STREET LIGHTING,227,STREETS,Street Lighting Improvements,STR.71.1,,2024,2028,Purchase new fiberglass poles and energy-efficient LED luminaires to replace obsolete luminaires and aluminum poles,,,3450,450,750,750,750,750,,,
2023,STREET LIGHTING,227,STREETS,Street Alley Lighting Improvements,STR.71.2,,2024,2027,Purchase fiberglass poles and efficient LED new energy luminaires to replace obsolete luminaires and aluminum poles that have reached the end of their life cycle.,,,950,250,,350,350,,,,
2023,STREET LIGHTING,227,STREETS,Martin Luther King Drive - Street Lighting Improvements,STR.71.3,,2028,2028,Replace direct burial street light poles with foundations and new poles.,,,550,,,,,550,,,
2023,STREET LIGHTING,227,STREETS,Street Lighting Improvements-FY23,STR.71A,,2024,2024,See description under line item 71,,,500,500,,,,,,,
2023,STREET LIGHTING,227,STREETS,Street Lighting Improvements-FY22,STR.71B,,2024,2024,See description under line item 71,,,500,500,,,,,,,
2023,STREET LIGHTING,228,STREETS,Street Lighting Improvements-FY21,STR.71C,,2024,2024,See description under line item 71 D. Street Lighting Improvements-FY See description under line item 71 E. Alley Lighting Improvements-FY See description under line item 71,,,448,448,,,,,,,
2023,STREETS DEPARTMENT FACILITIES,229,STREETS,Street Lighting Shop Renovation or Replacement,STR.72.1,,2024,2024,"Reconstruction and Replacement of Street Lighting Shop roof, flooring, foundation and related infrastructure.",,,250,250,,,,,,,
2023,STREETS DEPARTMENT FACILITIES,229,STREETS,Salt & Brine Facilities,STR.72.2,,2024,2029,Improvements to Streets Department Facilities,,,1500,500,200,200,200,200,200,,
2023,STREETS DEPARTMENT FACILITIES,229,STREETS,Upgrade Facility Storm/Sewer Site Drain Systems,STR.72.3,,2025,2029,Conduct a field study of all storm and drain systems for sewer all Streets Facilities; upgrade and or replace systems to bring up to current environmental standards.,,,500,,100,100,100,100,100,,
2023,STREETS DEPARTMENT FACILITIES,229,STREETS,Streets Department Facilities-FY23,STR.72A,,2024,2024,See description under line item 72.,,,1200,1200,,,,,,corrected,
2023,STREETS DEPARTMENT FACILITIES,229,STREETS,Streets Department Facilities-FY22,STR.72B,,2024,2024,See description under line item 72.,,,100,100,,,,,,corrected,
2023,STREETS DEPARTMENT FACILITIES,230,STREETS,Streets Department Facilities-FY20,STR.72C,,2024,2024,See description under line item 72. D. Streets Department Facilities-FY See description under line item 72.,,,706,706,,,,,,corrected,
2023,TRAFFIC ENGINEERING IMPS,231,STREETS,Vision Zero,STR.73.1,,2024,2029,Make ongoing citywide traffic safety improvements consistent with Vision Zero objectives.,,,44900,16900,,2500,8500,8500,8500,corrected,
2023,TRAFFIC ENGINEERING IMPS,231,STREETS,Signal Synchronization/Modernization,STR.73.2,,2024,2029,Install and modernize signals at existing and new intersections and replace signal support.,,,2200,300,200,200,500,500,500,corrected,
2023,TRAFFIC ENGINEERING IMPS,231,STREETS,Material Requisition,STR.73.3,,2024,2028,Improve traffic control equipment streets recently resurfaced on in the city; upgrade existing traffic signals and signs to PennDOT and FHWA standards.,,,2550,350,600,600,500,500,,,
2023,TRAFFIC ENGINEERING IMPS,231,STREETS,Traffic Control Equipment Replacement,STR.73.4,,2024,2028,"Remove/replace electromechanical controllers with aging solid-state equipment, and replace all traffic control signage citywide with new State and Federally mandated high reflectivity materials.",,,1800,300,,500,500,500,,,
2023,TRAFFIC ENGINEERING IMPS,232,STREETS,Signal Synchronization - Transit Improvements.,STR.5-2,,2024,2029,"Philadelphia's strategic transportation plan, CONNECT, laid out goals of a City Transit Plan and Implementing transit improvements on five high priority corridors.",,,79800,13800,10000,12000,10000,22000,12000,corrected,
2023,TRAFFIC ENGINEERING IMPS,232,STREETS,City Automated Speed Enforcement,STR.5.6,,2024,2029,For citywide safety improvements consistent with Vision ongoing Zero objectives.,,,30000,5000,5000,5000,5000,5000,5000,,
2023,TRAFFIC ENGINEERING IMPS,232,STREETS,Automated Red Light Enforcement Project (ARLE),STR.5.7,,2024,2029,For ongoing citywide safety improvements consistent with Vision Zero objectives.,,,18000,3000,3000,3000,3000,3000,3000,,
2023,TRAFFIC ENGINEERING IMPS,232,STREETS,Traffic Control-FY23,STR.73A,,2024,2024,See description under line item 73.,,,5000,5000,,,,,,corrected,
2023,TRAFFIC ENGINEERING IMPS,233,STREETS,Traffic Control-FY22,STR.73B,,2024,2024,See description under line item 73.,,,1701,1701,,,,,,corrected,
2023,TRAFFIC ENGINEERING IMPS,233,STREETS,Traffic Control-FY21,STR.73C,,2024,2024,See description under line item 73. D. Traffic Control-FY See description under line item 73. E. Traffic Control-FY See description under line item 73.,,,1696,1696,,,,,,,
2023,COLLECTOR SYSTEMS - CAPITAL,239,TRANSIT,Infrastructure Safety Renewal Program (ISRP) (ALL),TRN.74.1,,2024,2029,Provide for restoration of SEPTA's transit and railroad infrastructure to state of good a repair.,,,9802,1255,1742,1774,1806,1838,1387,,
2023,COLLECTOR SYSTEMS - CAPITAL,239,TRANSIT,State of Good Repair Program (ALL),TRN.74.2,,2024,2029,Fund a group of capital improvements designed to bring facilities and systems to state of good and/or enhance a repair system capabilities and safety.,,,46211,1338,18113,387,22712,3241,420,corrected,
2023,COLLECTOR SYSTEMS - CAPITAL,239,TRANSIT,Maintenance & Transportation Facilities and Roofs,TRN.74.3,,2024,2029,"Improve SEPTA’s bus and rail maintenance shops, facilities maintenance shops and office buildings to bring facilities and systems to a state of good repair.",,,25629,13040,2150,2718,761,6083,877,,
2023,COLLECTOR SYSTEMS - CAPITAL,240,TRANSIT,Regional Rail Substation Improvements (RRD),TRN.4,,2024,2029,Replace components of the traction supply system for power SEPTA's Regional Rail service.,,,3093034,18188,1760166,1313718,327,394,241,corrected,
2023,COLLECTOR SYSTEMS - CAPITAL,240,TRANSIT,Regional Rail Signal System Modernization (RRD),TRN.4.5,,2024,2029,"Provide for modernization of the signal for train systems Regional Rail lines, including installation of Automatic Train Control, Positive Train Control and signal power reinforcements.",,,14765,7087,326,156,133,2362,4701,,
2023,COLLECTOR SYSTEMS - CAPITAL,240,TRANSIT,Regional Rail Division Bridge Improvement Program (RRD),TRN.4.6,,2024,2029,"Provide for the rehabilitation replacement of bridges, or restoring bridges to a state of good repair.",,,2100793,31725,960104,1052525,31556,24499,384,corrected,
2023,COLLECTOR SYSTEMS - CAPITAL,240,TRANSIT,"SEPTA Bridge, Track, Signal, and Infrastructure Improvements-FY23",TRN.74A,,2024,2024,See description under line item 74.,,,3342,3342,,,,,,corrected,
2023,COLLECTOR SYSTEMS - CAPITAL,241,TRANSIT,"SEPTA Bridge, Track, Signal, and Infrastructure Improvements-FY19",TRN.74B,,2024,2024,See description under line item 74.,,,28,28,,,,,,corrected,
2023,COLLECTOR SYSTEMS - CAPITAL,241,TRANSIT,"SEPTA Bridge, Track, Signal, and Infrastructure Improvements-FY15",TRN.74C,,2024,2024,See description under line item 74,,,1,1,,,,,,,
2023,COLLECTOR SYSTEMS - CAPITAL,241,TRANSIT,Railroad and Transit Stations and Parking Improvements,TRN.75.1,,2024,2029,"Renovate various railroad and transit stations, including improvements to parking facilities.",,,2699,656,91,530,431,335,656,corrected,
2023,COLLECTOR SYSTEMS - CAPITAL,241,TRANSIT,Station Accessibility Program (CTD),TRN.75.2,,2024,2029,"Make ADA accessibility improvements to th Street, Arrott Transportation Center (Margaret-Orthodox), Susquehanna-Dauphin, Tasker-Morris, and Erie Stations.",,,189356,55637,1486,28941,22510,37672,43110,corrected,
2023,COLLECTOR SYSTEMS - CAPITAL,242,TRANSIT,City Transit Division Loop Improvements (CTD),TRN.3,,2025,2028,Provide for improvements to SEPTA bus loops in Philadelphia,,,1523,,22,12,1470,19,,,
2023,COLLECTOR SYSTEMS - CAPITAL,242,TRANSIT,City Hall Station and 15th Street Renovations (CTD),TRN.3.4,,2024,2029,Rehabilitate City Hall Station the Broad Street Line and on renovations to th Street Station on the Market-Frankford Line.,,,26749,145,44,10001,16000,511,48,corrected,
2023,COLLECTOR SYSTEMS - CAPITAL,242,TRANSIT,SEPTA Station and Parking Improvements-FY23,TRN.75A,,2024,2024,"See description under line item 75,",,,2022,2022,,,,,,,
2023,COLLECTOR SYSTEMS - CAPITAL,242,TRANSIT,SEPTA Key (New Payment Technologies) (ALL),TRN.76.1,,2024,2029,Design and implement fare collection that will a new system replace and/or enhance the entire array of current revenue collection equipment.,,,23530,6511,28,10,8044,68,8869,,
2023,COLLECTOR SYSTEMS - CAPITAL,243,TRANSIT,"SEPTA Passenger Information, Communications, and System Controls-FY23",TRN.76A,,2024,2024,See description under line item 76.,,,95,95,,,,,,corrected,
2023,COLLECTOR SYSTEMS - CAPITAL,243,TRANSIT,Rail Transit Vehicle Replacement,TRN.77.1,,2024,2029,Acquisition of rail transit vehicles to replace vehicles that have reached the end of useful life.,,,57525,127,21890,223,261,258,34766,,
2023,COLLECTOR SYSTEMS - CAPITAL,243,TRANSIT,Locomotives and Regional Rail Cars,TRN.77.2,,2024,2029,"Acquire locomotives, multi-level coach cars, and electric multiple unit (EMU) railcars to replace vehicles that have reached the end of their useful life and accommodate ridership growth.",,,999126,82750,131850,173233,200597,199169,211527,,
2023,COLLECTOR SYSTEMS - CAPITAL,248,TRANSIT,Collector System Improvements,TRN.78.4,,2024,2029,Reconstruct and rehabilitate the public collection system citywide and construction of storm flood relief sewers to mitigate flooding in sections of the city that flood during major storms.,,,33200,7200,200,200,200,25200,200,corrected,
2023,COLLECTOR SYSTEMS - CAPITAL,248,TRANSIT,Expansion of Collector System,TRN.78.2,,2024,2029,Extend the public collection system citywide.,,,60,10,10,10,10,10,10,,
2023,COLLECTOR SYSTEMS - CAPITAL,248,TRANSIT,Improvements to Collector System-FY23,TRN.78A,,2024,2024,See description under line item 78.,,,25916,25916,,,,,,corrected,
2023,PHILADELPHIA ZOO - CAPITAL,249,WATER,Improvements to Collector System-FY22,WAT.78B,,2029,2029,See description under line item 78.,,,16,,,,,,16,corrected,
2023,PHILADELPHIA ZOO - CAPITAL,249,WATER,Improvements to Collector System-FY21,WAT.78C,,2029,2029,See description under line item 78.,,,23087,,,,,,23087,corrected,
2023,PHILADELPHIA ZOO - CAPITAL,250,WATER,Reconstruction of Conveyance Systems,WAT.79.1,,2024,2029,Reconstruct water mains throughout the city.,,,600,100,100,100,100,100,100,corrected,
2023,PHILADELPHIA ZOO - CAPITAL,250,WATER,Meter Replacement,WAT.79.2,,2024,2029,Purchase water meters to replace obsolete meters.,,,15000,5000,,,,5000,5000,corrected,
2023,PHILADELPHIA ZOO - CAPITAL,250,WATER,Expansion of Conveyance Systems,WAT.79.3,,2024,2029,Expand citywide the of the city water mains to service areas not currently supplied by public water mains.,,,600,100,100,100,100,100,100,,
2023,PHILADELPHIA ZOO - CAPITAL,250,WATER,Improvements to Conveyance System-FY23,WAT.79A,,2024,2024,See description under line item 79.,,,14319,14319,,,,,,corrected,
2023,PHILADELPHIA ZOO - CAPITAL,251,WATER,Improvements to Conveyance System-FY22,WAT.79B,,2024,2024,See description under line item 79.,,,50,50,,,,,,corrected,
2023,PHILADELPHIA ZOO - CAPITAL,251,WATER,Improvements to Conveyance System-FY21,WAT.79C,,2024,2027,See description under line item 79.,,,146821,98665,13000,15156,20000,,,corrected,
2023,GENERAL - CAPITAL,252,WATER,Engineering and Administration,WAT.80.1,,2024,2029,"Provide staffing for Construction, Design and Survey Units.",,,76836,12806,12806,12806,12806,12806,12806,corrected,
2023,GENERAL - CAPITAL,252,WATER,Vehicles,WAT.80.8,,2024,2027,Replace Water Department vehicles that have exceeded their useful life.,,,24000,12000,,,12000,,,,
2023,GENERAL - CAPITAL,252,WATER,Engineering and Material Support-FY23,WAT.80A,,2024,2024,See description under line item 80.,,,3010,3010,,,,,,corrected,
2023,TREATMENT FACILITIES - CAPITAL,253,WATER,Improvements to Treatment Facilities,WAT.81.1,,2024,2029,"Improve the water and wastewater treatment plants, pump stations, and related Water Department facilities.",,,550,100,50,100,100,100,100,,
2023,TREATMENT FACILITIES - CAPITAL,253,WATER,Improvements to Treatment Facilities-FY23,WAT.81A,,2024,2024,See description under line item 81,,,221064,221064,,,,,,,
2023,TREATMENT FACILITIES - CAPITAL,253,WATER,Improvements to Treatment Facilities-FY22,WAT.81B,,2024,2024,See description under line item 81,,,70437,70437,,,,,,,
2023,TREATMENT FACILITIES - CAPITAL,253,WATER,Improvements to Treatment Facilities-FY21,WAT.81C,,2024,2024,See description under line item 81,,,23858,23858,,,,,,,
2023,PHILADELPHIA ZOO - CAPITAL,255,WATER,City-owned Building Renovation Roofs and Building Envelope,WAT.82.1,,2024,2028,Renovate multiple infrastructure systems City-owned in buildings.,,,2000,500,,500,500,500,,,
